,kwh,temp,temp,temp,wspd,wchill
,sum,min,max,mean,mean,mean
2022-01-01,34.262,1.1,5.6,2.5749999999999997,0.2833333333333333,14.121464740086145
2022-01-02,47.032000000000004,0.6,3.9,2.6916666666666664,3.1750000000000003,8.417923092124356
2022-01-03,48.584,-8.3,0.0,-5.370833333333334,5.866666666666667,-4.74043440923363
2022-01-04,56.612,-14.4,-3.9,-9.304166666666667,5.308333333333334,-6.9863563091202865
2022-01-05,43.3,-8.3,8.3,-2.5208333333333335,3.25,7.591796374475508
2022-01-06,25.369,-2.8,5.6,1.8375000000000001,3.4,8.485024119150209
2022-01-07,39.226,-3.3,-1.1,-2.3833333333333333,5.375,1.4503874198526214
2022-01-08,83.615,-11.1,-2.8,-6.316666666666666,8.791666666666666,-7.378054481506143
2022-01-09,86.101,-14.4,3.3,-4.233333333333333,12.033333333333333,1.1531670216103833
2022-01-10,41.036,-9.4,3.9,-1.6375000000000002,11.674999999999999,-4.0328170172870825
2022-01-11,68.625,-17.8,-8.3,-13.895833333333334,7.533333333333334,-13.193740720775956
2022-01-12,88.354,-18.9,-2.2,-11.366666666666667,4.583333333333333,-1.3684720147975888
2022-01-13,38.467,-6.1,2.2,-2.4041666666666663,0.0,11.625810416666667
2022-01-14,29.123,-2.8,1.7,-0.6791666666666667,5.075,4.632670377994768
2022-01-15,67.348,-17.2,-3.3,-13.316666666666668,14.758333333333333,-20.68892986422048
2022-01-16,101.228,-18.9,-6.1,-14.004166666666668,4.575,-8.165564236887931
2022-01-17,53.733,-10.6,8.9,-0.7208333333333332,12.4125,2.1151629645288015
2022-01-18,27.631999999999998,-9.4,5.0,-1.1791666666666667,13.725,-4.129324330363965
2022-01-19,60.093,-13.9,3.9,-8.333333333333334,5.395833333333333,-1.1340924095454985
2022-01-20,35.96,-6.7,4.4,-1.1583333333333332,4.425,3.7887349803695134
2022-01-21,83.588,-16.7,-7.8,-12.154166666666667,2.5749999999999997,-1.7312868617434714
2022-01-22,78.72200000000001,-18.3,-7.8,-13.916666666666666,1.5999999999999999,-0.7668312592098739
2022-01-23,64.197,-15.0,-1.1,-9.041666666666666,2.9499999999999997,-0.19232343225518886
2022-01-24,42.035,-11.7,-3.3,-6.195833333333333,2.9166666666666665,0.9668354550279213
2022-01-25,37.751,-10.0,-1.7,-5.383333333333333,1.3500000000000003,5.37623806216665
2022-01-26,51.598,-15.6,-6.1,-9.604166666666666,4.191666666666666,-2.483883396370157
2022-01-27,71.469,-23.3,-5.0,-15.191666666666668,2.3333333333333335,-2.4152912727287537
2022-01-28,46.05,-15.6,-1.1,-5.733333333333333,2.7083333333333335,2.9085782430569354
2022-01-29,67.238,-12.8,-4.4,-9.4375,11.533333333333333,-12.814153546586342
2022-01-30,66.638,-13.3,-5.6,-10.3125,11.775,-15.409846741301712
2022-01-31,69.702,-24.4,-3.3,-14.637500000000001,2.091666666666667,-1.270111232035515
2022-02-01,59.443,-21.7,-2.2,-13.237499999999999,2.375,-1.6486064692453954
2022-02-02,37.897999999999996,-5.6,4.4,-0.7625000000000001,4.058333333333334,5.0959781745547
2022-02-03,45.001,1.7,5.0,3.6333333333333333,5.6125,6.84273649750185
2022-02-04,52.278999999999996,-7.8,3.9,-3.5416666666666665,9.775,-6.487660817880812
2022-02-05,56.948,-10.0,-5.6,-8.283333333333333,8.516666666666667,-12.467359592616
2022-02-06,57.741,-19.4,-5.6,-12.358333333333334,4.441666666666666,-5.377979835959153
2022-02-07,38.604,-11.1,2.2,-5.1375,1.3500000000000003,6.106755198852471
2022-02-08,44.913,0.6,3.3,2.3249999999999997,5.241666666666666,4.614738513822568
2022-02-09,40.804,-1.7,5.0,1.3583333333333334,6.108333333333333,2.3194265141052255
2022-02-10,34.342,-5.0,6.1,-0.25000000000000006,4.870833333333334,7.71294155328524
2022-02-11,33.24,-4.4,6.7,2.2291666666666665,7.3,4.045063900781639
2022-02-12,37.148,5.0,11.7,7.733333333333333,13.075000000000001,5.465398950665485
2022-02-13,50.64,-5.6,7.8,-1.8041666666666665,6.808333333333334,-3.2303148457772566
2022-02-14,49.068,-12.2,-5.6,-9.079166666666667,8.683333333333334,-11.91184909052861
2022-02-15,61.508,-14.4,-4.4,-10.733333333333334,7.716666666666668,-9.867404588562211
2022-02-16,54.809,-16.7,2.8,-7.495833333333334,9.041666666666666,0.8448875058412844
2022-02-17,43.715,3.3,12.8,7.670833333333333,19.691666666666666,4.564369019906053
2022-02-18,43.201,-4.4,12.8,7.120833333333334,21.712500000000002,3.8363135110299056
2022-02-19,62.443,-12.2,0.0,-5.979166666666667,8.916666666666666,-4.127363766832189
2022-02-20,91.646,-11.1,-2.2,-6.358333333333333,11.625,-11.271664338206671
2022-02-21,75.184,-2.2,10.6,2.7583333333333333,12.079166666666666,0.23938913424149674
2022-02-22,82.123,-2.8,3.9,0.6666666666666666,3.9250000000000003,5.212266748567653
2022-02-23,33.432,2.2,17.8,11.25,18.604166666666668,9.83553050798509
2022-02-24,40.685,-9.4,4.4,-4.795833333333333,10.170833333333333,-6.8509325078319145
2022-02-25,87.163,-11.7,-6.1,-8.7125,7.3,-7.695654556482668
2022-02-26,61.379,-20.0,-3.3,-11.658333333333333,3.9416666666666664,-4.080973156983158
2022-02-27,51.693000000000005,-15.0,3.3,-6.9750000000000005,6.104166666666667,0.17235751269229452
2022-02-28,37.947,-12.2,0.6,-7.670833333333333,10.700000000000001,-11.811227742159675
2022-03-01,79.887,-19.4,1.1,-10.0875,4.816666666666666,-2.373051847740497
2022-03-02,29.264,-3.3,2.2,-0.004166666666666652,6.541666666666667,1.2483214788480548
2022-03-03,53.124,-6.7,0.0,-3.4,5.308333333333334,0.8189572710827827
2022-03-04,49.235,-17.8,-2.8,-9.6,5.033333333333333,-4.388577764018909
2022-03-05,50.755,-16.7,3.9,-7.041666666666667,4.558333333333334,0.6287780170064631
2022-03-06,52.138,-2.2,7.8,2.841666666666667,6.608333333333333,6.919001086551483
2022-03-07,56.327,4.4,12.2,7.6125,5.508333333333333,9.986031908972018
2022-03-08,42.723,1.1,4.4,2.8625000000000003,12.387500000000001,2.473284447626162
2022-03-09,51.905,-6.1,1.1,-2.2041666666666666,3.641666666666667,4.557298503329891
2022-03-10,52.616,-4.4,7.8,0.9874999999999999,4.333333333333333,8.194854915929696
2022-03-11,41.977,-3.3,7.2,1.9333333333333333,3.9,8.984905964888226
2022-03-12,60.480000000000004,0.0,6.7,3.6125000000000003,6.075,6.5074086765373025
2022-03-13,37.398,-5.6,0.6,-2.765217391304348,15.256521739130436,-7.73857257972412
2022-03-14,70.629,-6.7,6.7,-0.3166666666666667,6.908333333333334,2.8412994986974573
2022-03-15,60.424,-2.2,10.0,2.966666666666667,2.15,11.514092419469167
2022-03-16,57.959,0.6,7.8,3.220833333333333,3.5666666666666664,9.70859250097486
2022-03-17,48.973,-1.1,8.9,4.625,5.958333333333333,7.572887881702228
2022-03-18,32.215,0.6,18.3,8.566666666666666,2.9499999999999997,16.34341666972281
2022-03-19,62.205999999999996,6.1,11.7,8.083333333333334,10.966666666666667,7.370451430522775
2022-03-20,55.649,1.7,9.4,4.929166666666666,5.783333333333334,6.395301842344978
2022-03-21,51.672,-0.6,10.0,6.383333333333333,9.8375,7.154692335647602
2022-03-22,65.531,-2.2,5.6,2.4791666666666665,12.008333333333333,0.531611507683305
2022-03-23,51.044,-2.8,10.0,2.6833333333333336,6.291666666666667,3.50435828696636
2022-03-24,66.43599999999999,-2.2,5.0,1.804166666666667,5.3999999999999995,7.627390783967535
2022-03-25,64.991,1.1,11.7,4.545833333333333,8.683333333333334,4.0532493440496316
2022-03-26,50.76,0.6,10.6,6.670833333333333,4.108333333333333,12.191475650801486
2022-03-27,60.394999999999996,-2.2,9.4,3.8666666666666667,2.8000000000000003,11.605486717748816
2022-03-28,47.730000000000004,-4.4,5.6,-1.0375,10.629166666666666,-4.62168924918925
2022-03-29,66.88,-7.8,1.1,-4.1875,11.516666666666666,-7.774798005706741
2022-03-30,50.401,-3.3,9.4,1.1125,10.4125,-1.522187449460139
2022-03-31,60.357,1.7,8.3,4.8625,4.141666666666667,9.744807822559459
2022-04-01,45.783,5.6,12.2,9.908333333333333,6.891666666666667,12.577320803147622
2022-04-02,53.641999999999996,1.1,9.4,4.833333333333333,11.695833333333333,2.692932960090005
2022-04-03,62.425,-3.3,7.8,2.9958333333333336,4.333333333333333,9.247040002606914
2022-04-04,39.465,2.8,12.8,6.7875000000000005,6.695833333333333,10.666954104773732
2022-04-05,44.237,-2.8,14.4,5.895833333333333,5.7875000000000005,11.248653493721825
2022-04-06,43.615,-1.7,13.3,5.7625,5.958333333333333,11.091359784734122
2022-04-07,59.343,-1.7,10.0,3.6999999999999997,5.591666666666666,9.683499270845848
2022-04-08,52.861000000000004,5.0,11.7,7.429166666666666,16.770833333333332,4.578083922336808
2022-04-09,52.105,-0.6,10.0,6.016666666666667,4.291666666666667,11.761371097440032
2022-04-10,45.896,0.0,12.8,6.579166666666667,7.491666666666667,8.969493054645147
2022-04-11,42.9,4.4,16.7,9.545833333333333,8.716666666666667,8.890976380653429
2022-04-12,30.844,2.2,18.3,9.4625,4.679166666666666,14.622677498777572
2022-04-13,39.128,2.2,16.1,9.141666666666667,2.975,15.331023720963222
2022-04-14,47.156,6.7,7.8,7.120833333333334,10.516666666666667,5.1484845023917
2022-04-15,32.738,5.6,18.3,10.208333333333334,4.966666666666667,15.269873014045038
2022-04-16,30.998,8.3,13.3,11.275,13.920833333333334,10.536567654485008
2022-04-17,42.376,3.9,8.9,6.3374999999999995,7.575,7.232561417564599
2022-04-18,50.095,1.1,11.7,6.129166666666666,8.450000000000001,6.591737578678312
2022-04-19,58.763999999999996,4.4,11.7,7.229166666666667,18.783333333333335,5.3011742300032845
2022-04-20,45.5,4.4,11.1,7.6375,14.933333333333332,5.089993297493051
2022-04-21,53.602,-2.8,10.0,4.995833333333334,8.9375,7.946925818339722
2022-04-22,37.763999999999996,3.3,14.4,9.966666666666667,12.8125,8.86975076331999
2022-04-23,39.351,-1.1,15.0,7.870833333333334,6.616666666666667,8.230428810401888
2022-04-24,38.076,-2.2,15.6,6.208333333333333,4.575,11.713433249971573
2022-04-25,54.833,0.6,12.2,6.254166666666666,5.3999999999999995,12.024751145742632
2022-04-26,44.178,4.4,10.6,7.4750000000000005,8.512500000000001,8.93729325213821
2022-04-27,47.003,6.7,10.6,8.6,4.0,13.018277594490309
2022-04-28,49.507,2.2,9.4,5.6375,14.154166666666667,2.7138576924342677
2022-04-29,54.396,2.8,9.4,6.8500000000000005,10.558333333333334,4.857274543008968
2022-04-30,31.846,3.3,14.4,8.054166666666667,7.6499999999999995,7.895236253495965
2022-05-01,41.939,-0.6,15.0,7.4750000000000005,6.704166666666667,12.71745105801478
2022-05-02,38.418,0.0,13.3,7.216666666666666,5.941666666666666,12.604574912942459
2022-05-03,23.259,7.8,15.0,10.366666666666667,5.25,15.383859834795189
2022-05-04,34.68,5.6,10.0,8.441666666666666,5.316666666666666,11.649111887559918
2022-05-05,22.902,7.8,19.4,12.2875,5.641666666666667,16.570518946193495
2022-05-06,26.712,3.3,15.6,10.791666666666666,6.445833333333333,15.601922919269922
2022-05-07,25.277,3.9,12.2,8.4375,8.825000000000001,9.820109324494512
2022-05-08,48.423,0.0,12.8,6.833333333333333,5.266666666666667,12.005427971141394
2022-05-09,38.647,-1.1,18.3,8.604166666666666,7.879166666666666,13.954481805298235
2022-05-10,22.06,1.7,19.4,10.641666666666667,5.820833333333333,15.820048011488254
2022-05-11,26.335,0.6,22.2,11.808333333333332,6.408333333333332,16.541534949012647
2022-05-12,18.615,7.8,23.9,15.370833333333332,4.375,20.940722061739915
2022-05-13,20.386,11.1,21.7,15.375,9.879166666666666,16.595525354959893
2022-05-14,6.869,12.2,30.0,20.849999999999998,8.125,24.14796071341344
2022-05-15,4.8580000000000005,12.8,20.6,15.895833333333334,5.041666666666667,18.650055947358023
2022-05-16,7.049,11.1,20.0,13.774999999999999,7.325,15.292329308469379
2022-05-17,2.865,11.7,22.8,16.554166666666667,10.6125,16.964329025897886
2022-05-18,9.196,10.0,19.4,14.045833333333334,12.620833333333335,13.5131845123478
2022-05-19,23.462,3.9,14.4,9.4375,4.633333333333334,14.25202588052837
2022-05-20,18.445,8.9,15.0,11.004166666666668,7.358333333333333,12.73154246790495
2022-05-21,12.528,9.4,17.8,12.879166666666668,8.533333333333333,13.468583978542789
2022-05-22,5.379,12.2,21.7,16.158333333333335,5.791666666666667,19.28514623666279
2022-05-23,4.483,15.6,21.1,17.958333333333332,6.8500000000000005,19.63116168948121
2022-05-24,7.555,7.2,17.2,12.820833333333333,8.908333333333333,13.806214202116683
2022-05-25,29.344,3.9,18.9,11.508333333333333,6.045833333333333,17.03631853858101
2022-05-26,11.529,7.8,17.2,13.245833333333332,10.591666666666667,14.383085318218248
2022-05-27,12.009,13.9,24.4,18.2,14.470833333333333,18.170360834795535
2022-05-28,15.5,16.7,22.8,18.75,10.533333333333333,19.48583742962334
2022-05-29,9.301,9.4,25.0,17.770833333333332,6.295833333333333,22.396676207523722
2022-05-30,18.896,9.4,27.2,19.037499999999998,5.550000000000001,23.544984982957967
2022-05-31,7.227,12.2,21.7,15.016666666666667,5.708333333333333,17.193047472450196
2022-06-01,10.361,5.0,18.3,11.887500000000001,6.683333333333334,15.513098227859603
2022-06-02,11.62,11.1,18.9,13.658333333333333,4.8,16.864621819673065
2022-06-03,14.725999999999999,10.6,15.5,13.045833333333334,6.8,14.254364025450997
2022-06-04,14.135,11.1,16.7,13.316666666666668,6.045833333333333,16.04994556065004
2022-06-05,19.052,11.1,21.1,15.1625,5.991666666666667,18.18243462858383
2022-06-06,22.022,6.1,23.3,15.166666666666666,4.0625,21.11447075497301
2022-06-07,9.584,8.9,22.8,15.816666666666668,6.666666666666667,20.24016568263937
2022-06-08,6.71,14.4,20.0,17.166666666666668,12.679166666666667,17.112569240363683
2022-06-09,10.36,11.1,18.3,14.820833333333333,4.95,19.012558653974978
2022-06-10,14.907,9.4,23.9,17.266666666666666,7.0625,20.61010502233412
2022-06-11,12.06,9.4,23.3,17.045833333333334,5.641666666666667,21.231305187109047
2022-06-12,17.34,10.0,25.0,17.266666666666666,5.933333333333334,22.144610443038115
2022-06-13,19.643,15.6,23.3,18.541666666666668,5.616666666666667,21.519033702936607
2022-06-14,8.655,11.1,25.0,18.516666666666666,3.25,22.82486532480861
2022-06-15,12.13,12.2,26.1,19.104166666666668,4.333333333333333,22.88619073411571
2022-06-16,3.135,10.0,21.1,16.020833333333332,7.2875000000000005,20.228146140253447
2022-06-17,2.824,16.1,23.9,19.054166666666667,11.416666666666666,19.57448811427216
2022-06-18,2.874,12.2,18.9,15.404166666666667,6.816666666666666,18.034830931082535
2022-06-19,3.015,10.0,15.0,11.883333333333333,9.15,11.789728784033647
2022-06-20,2.996,10.0,22.8,15.083333333333334,8.637500000000001,15.368608302065368
2022-06-21,14.082,6.1,18.9,13.383333333333333,7.1000000000000005,17.639756357056676
2022-06-22,17.38,8.3,17.8,13.870833333333332,8.35,16.327947323350397
2022-06-23,9.973,13.3,21.7,16.733333333333334,10.05,16.831494555069515
2022-06-24,14.082,10.6,24.4,17.625,5.358333333333333,21.871568199351277
2022-06-25,19.366,12.8,30.0,21.891666666666666,5.3999999999999995,26.226348648466097
2022-06-26,34.009,16.1,29.4,22.316666666666666,5.341666666666668,26.276801792687788
2022-06-27,14.494,16.1,22.2,19.954166666666666,6.6499999999999995,22.779135830775967
2022-06-28,17.796,13.9,25.0,20.570833333333333,6.633333333333333,23.009376305711857
2022-06-29,15.753,10.6,25.6,18.337500000000002,4.891666666666667,23.282277331332647
2022-06-30,14.619,13.3,25.0,19.870833333333334,3.975,23.625608177468
2022-07-01,30.807000000000002,12.8,27.8,20.337500000000002,7.191666666666666,24.562169216466142
2022-07-02,14.79,20.6,27.2,23.616666666666664,8.270833333333334,25.495569845153128
2022-07-03,10.282,13.9,28.3,20.975,3.0416666666666665,25.657527546908373
2022-07-04,10.337,11.1,26.7,20.045833333333334,4.516666666666667,24.348746087237476
2022-07-05,14.026,10.6,25.6,18.104166666666668,4.366666666666666,22.87754224338427
2022-07-06,16.512999999999998,16.7,25.0,21.004166666666666,9.166666666666666,21.971902938800806
2022-07-07,11.687,10.0,23.9,18.212500000000002,6.108333333333333,22.85213645570207
2022-07-08,20.124,17.8,26.7,21.25,10.174999999999999,22.512352579640723
2022-07-09,12.975,15.0,25.6,19.879166666666666,4.075,23.72210992886718
2022-07-10,17.677,8.3,25.6,17.983333333333334,4.5375000000000005,22.92558299199085
2022-07-11,22.154,11.1,25.6,19.6375,6.891666666666667,23.723668576658614
2022-07-12,16.837,18.3,26.1,21.8875,13.783333333333333,22.899628178917638
2022-07-13,21.031,16.1,29.4,22.95,4.2749999999999995,26.29667463476379
2022-07-14,17.323,17.2,27.8,22.02916666666667,4.9750000000000005,25.644844874603322
2022-07-15,19.604,14.4,27.8,20.791666666666668,5.266666666666667,24.655714882577612
2022-07-16,11.223,11.7,27.2,19.816666666666666,5.504166666666666,24.636657636419955
2022-07-17,21.91,17.2,29.4,23.28333333333333,5.883333333333333,26.16651873807656
2022-07-18,23.373,16.1,26.1,21.175,5.808333333333334,24.696961314496026
2022-07-19,18.501,20.6,32.2,25.325,13.283333333333333,26.88549448809282
2022-07-20,22.341,17.8,31.7,25.429166666666664,5.641666666666667,29.115091373226026
2022-07-21,16.766000000000002,19.4,27.8,23.8125,8.666666666666666,26.862213825882588
2022-07-22,28.266,17.2,31.1,24.375,5.416666666666667,28.410973884793254
2022-07-23,21.359,16.7,32.8,25.375,5.625,29.364775990472765
2022-07-24,25.929000000000002,18.3,30.0,24.833333333333332,7.358333333333333,28.412433808306414
2022-07-25,21.673,21.1,26.7,23.983333333333334,7.841666666666666,25.91451136005101
2022-07-26,14.592,15.6,26.1,21.625,4.891666666666667,25.68680793488579
2022-07-27,22.656,14.4,27.2,21.3625,5.216666666666667,25.21085427332818
2022-07-28,16.703,13.9,27.2,21.083333333333332,5.95,25.39931871596477
2022-07-29,20.336,20.6,29.4,24.46666666666667,7.016666666666667,26.940427398458255
2022-07-30,18.481,17.2,27.2,22.34583333333333,4.7124999999999995,26.022406564959855
2022-07-31,32.354,15.6,27.8,22.087500000000002,7.133333333333334,25.28133160484475
2022-08-01,23.424,16.1,28.9,22.316666666666666,6.345833333333334,26.3331458233834
2022-08-02,18.568,19.4,27.8,22.520833333333332,7.758333333333334,25.06807578253414
2022-08-03,24.884,18.9,27.2,23.59166666666667,4.0,27.068812757990028
2022-08-04,25.698,17.8,29.4,23.5125,7.658333333333334,26.417146458871446
2022-08-05,29.755,20.6,30.0,25.162499999999998,2.8000000000000003,28.6152668910026
2022-08-06,32.173,20.6,30.0,25.058333333333334,5.825,28.336808624494605
2022-08-07,25.781,21.1,32.2,26.083333333333332,5.616666666666667,29.377021448044417
2022-08-08,25.398,21.7,28.3,24.46666666666667,6.5,27.314146041530886
2022-08-09,13.105,17.8,23.9,20.279166666666665,5.583333333333333,22.587120949223802
2022-08-10,26.139,17.8,20.6,19.004166666666666,3.4499999999999997,22.722294038756147
2022-08-11,20.114,14.4,23.3,19.008333333333333,4.8,22.920519498188487
2022-08-12,20.248,15.6,26.7,21.849999999999998,3.3666666666666667,25.422112629356196
2022-08-13,14.63,13.9,24.4,19.495833333333334,1.3083333333333333,24.48165022683204
2022-08-14,24.713,13.3,26.1,20.075,2.8000000000000003,24.942193240383062
2022-08-15,18.525000000000002,11.7,26.7,19.645833333333332,4.033333333333333,24.544566649632372
2022-08-16,13.521,15.6,27.8,21.633333333333336,5.583333333333333,25.96930435891541
2022-08-17,11.02,16.1,20.0,18.604166666666668,3.75,21.69673855241608
2022-08-18,8.135,16.1,21.1,17.583333333333332,8.200000000000001,17.951057246144902
2022-08-19,13.747,16.7,30.0,22.191666666666666,6.366666666666667,25.175744894797177
2022-08-20,12.600999999999999,13.3,30.6,21.662499999999998,4.933333333333334,26.440868536802608
2022-08-21,13.993,15.6,28.3,21.608333333333334,4.933333333333334,25.909130808597805
2022-08-22,25.19,17.2,25.6,21.379166666666666,4.633333333333334,24.821447996140517
2022-08-23,11.029,20.0,25.6,21.854166666666668,3.641666666666667,25.04309355921437
2022-08-24,12.112,18.3,25.6,20.704166666666666,3.1916666666666664,24.615774234145277
2022-08-25,12.782,16.7,28.9,21.537499999999998,3.8249999999999997,25.49463525001445
2022-08-26,14.609,17.2,25.0,20.295833333333334,2.225,24.63017603709001
2022-08-27,16.866,17.2,24.4,19.870833333333334,2.783333333333333,23.699222620439556
2022-08-28,8.254,16.1,24.4,19.879166666666666,5.941666666666666,24.133071300582817
2022-08-29,22.483,15.6,26.7,21.033333333333335,5.883333333333333,25.22998278046983
2022-08-30,19.665,21.1,28.3,24.191666666666666,12.933333333333332,25.549240388921252
2022-08-31,15.909,20.0,27.2,23.170833333333334,11.283333333333333,24.347574792045776
2022-09-01,11.907,12.8,23.9,18.583333333333332,5.116666666666666,22.791594202521992
2022-09-02,25.886,7.8,21.7,15.183333333333335,3.8833333333333333,21.071806250792417
2022-09-03,11.968,8.3,22.8,15.625,4.966666666666667,21.091869457540543
2022-09-04,7.927,11.7,27.2,18.783333333333335,3.85,24.10294731492429
2022-09-05,8.068999999999999,15.0,20.6,16.916666666666668,2.6916666666666664,21.063276835461526
2022-09-06,7.06,15.0,17.8,16.183333333333334,2.875,20.714002832778053
2022-09-07,11.543,10.6,22.8,17.1375,3.025,22.563003638639113
2022-09-08,11.511,9.4,22.8,15.833333333333334,3.3249999999999997,21.714079946972884
2022-09-09,24.017,8.3,26.7,16.833333333333332,2.6750000000000003,22.757637678142288
2022-09-10,12.583,12.8,28.3,20.225,2.9499999999999997,25.233387762969567
2022-09-11,15.884,15.6,26.7,20.895833333333332,1.325,25.88728663587843
2022-09-12,14.158,17.8,26.7,22.108333333333334,2.8333333333333335,26.230492417107513
2022-09-13,10.281,17.2,22.2,19.370833333333334,4.108333333333333,22.35436584540265
2022-09-14,11.589,17.8,26.1,21.8,9.683333333333334,23.222166551796224
2022-09-15,7.13,11.7,18.9,15.720833333333333,8.575000000000001,17.06796780708106
2022-09-16,8.079,6.7,20.0,13.674999999999999,6.241666666666667,16.967693258211494
2022-09-17,10.467,4.4,20.6,12.733333333333334,3.8666666666666667,17.60135980934681
2022-09-18,19.021,11.1,25.0,16.554166666666667,2.858333333333333,21.39345747872333
2022-09-19,20.113,11.1,16.1,13.4625,4.7250000000000005,16.127156641697287
2022-09-20,15.046,11.7,15.0,13.504166666666668,5.425,15.080981055931916
2022-09-21,16.027,10.6,20.0,14.5,4.441666666666666,18.411468479585395
2022-09-22,9.71,12.2,18.3,15.766666666666666,5.825,18.743119726567656
2022-09-23,18.373,6.1,15.6,11.391666666666666,7.358333333333333,12.453621117580491
2022-09-24,19.791,8.3,18.9,13.054166666666667,11.875,12.585955427088328
2022-09-25,27.53,4.4,18.3,11.7125,4.516666666666667,17.5777583494564
2022-09-26,17.374,15.0,21.7,17.4875,8.366666666666667,19.20030060066
2022-09-27,9.414,11.1,21.7,16.629166666666666,7.7625,19.201360674959016
2022-09-28,11.919,7.2,20.6,13.9625,1.7583333333333335,20.334124638122983
2022-09-29,11.904,8.3,17.2,13.35,3.283333333333333,18.80203965615441
2022-09-30,23.514,1.1,16.1,8.9125,2.125,16.189297872321017
2022-10-01,26.486,3.9,17.2,9.924999999999999,1.6583333333333332,17.883006791267547
2022-10-02,26.859,6.7,13.3,10.625,7.541666666666667,11.492057386700383
2022-10-03,44.62,1.7,15.0,6.983333333333333,3.716666666666667,12.339192003743436
2022-10-04,26.846,2.2,17.2,8.65,3.3000000000000003,15.298442262669221
2022-10-05,22.787,7.8,15.6,11.533333333333333,1.3083333333333333,18.457741699108038
2022-10-06,16.213,12.2,23.9,16.3,2.466666666666667,21.433284352541403
2022-10-07,12.928,8.3,20.0,13.5375,3.25,19.43231839669853
2022-10-08,17.66,5.6,14.4,11.216666666666667,6.041666666666667,12.600226282678529
2022-10-09,19.223,-1.1,15.0,6.491666666666667,4.6499999999999995,13.402559061286944
2022-10-10,41.394999999999996,1.1,10.0,6.0125,0.9916666666666667,14.988265591543609
2022-10-11,42.03,-1.1,13.9,5.554166666666667,1.7916666666666667,14.834409344763293
2022-10-12,29.16,1.7,18.3,8.808333333333334,1.55,17.353723436175645
2022-10-13,17.706,7.8,17.2,12.299999999999999,6.633333333333334,17.340077213070334
2022-10-14,12.308,16.1,18.3,17.554166666666667,22.691666666666666,16.798266461930435
2022-10-15,11.262,12.8,17.2,15.208333333333334,5.566666666666666,17.740256033831674
2022-10-16,20.615,8.3,17.2,12.166666666666666,3.0416666666666665,17.58689048206837
2022-10-17,28.763,8.9,12.8,10.4,1.9416666666666667,16.883277495381133
2022-10-18,14.212,12.8,16.1,15.145833333333334,11.970833333333333,15.59737183474178
2022-10-19,16.203,8.9,15.0,12.674999999999999,7.304166666666667,15.866499348368558
2022-10-20,35.400999999999996,1.1,12.8,7.5249999999999995,8.204166666666667,11.193840256371303
2022-10-21,38.06,0.0,15.0,7.862500000000001,5.008333333333334,12.773795896674054
2022-10-22,32.917,1.7,17.2,8.379166666666666,3.733333333333333,15.89721774221803
2022-10-23,31.723,4.4,17.8,10.0875,0.45,18.918717531179684
2022-10-24,25.613,12.2,16.7,13.720833333333333,1.5333333333333332,19.75373170945144
2022-10-25,15.21,14.4,18.3,15.945833333333333,0.225,22.79500355725651
2022-10-26,11.47,16.1,17.2,16.570833333333333,4.591666666666667,19.281694320075236
2022-10-27,13.121,10.0,19.4,15.791666666666666,6.05,17.33369497066956
2022-10-28,35.703,2.2,12.2,6.754166666666666,2.3000000000000003,13.129474918239696
2022-10-29,38.082,-1.7,13.9,4.2375,2.908333333333333,12.61994284363486
2022-10-30,35.44,-1.1,18.3,6.270833333333333,2.408333333333333,14.933718081075382
2022-10-31,28.253,2.2,16.1,8.5875,5.175,15.393166699221135
2022-11-01,12.177999999999999,12.2,17.8,14.350000000000001,3.058333333333333,19.301610311668416
2022-11-02,16.79,7.2,17.8,12.604166666666666,3.625,16.9348763324593
2022-11-03,32.643,-1.7,15.0,5.9375,3.2083333333333335,13.974447426774352
2022-11-04,26.014,2.8,17.8,10.1125,4.8,15.708020828914213
2022-11-05,10.869,8.3,21.1,16.383333333333333,11.841666666666667,17.0029736876301
2022-11-06,17.221,16.7,21.7,18.844,15.58,18.836406869346632
2022-11-07,13.387,15.0,23.3,19.087500000000002,15.070833333333333,19.18792995657697
2022-11-08,29.522,5.0,13.9,8.775,11.745833333333332,7.017576972679598
2022-11-09,39.931,-3.3,8.9,2.6041666666666665,2.9000000000000004,9.668164434369995
2022-11-10,26.639,1.1,16.1,9.820833333333333,10.216666666666667,10.770078692619593
2022-11-11,18.049,6.1,18.3,13.475,6.641666666666667,16.356801615528976
2022-11-12,9.719,12.2,22.2,17.645833333333332,14.9,17.802253878265407
2022-11-13,35.297,6.7,12.2,10.2875,6.141666666666667,11.765840023648218
2022-11-14,42.936,-1.1,5.6,2.2708333333333335,9.049999999999999,1.511621525764413
2022-11-15,67.188,-5.6,5.0,-0.3875,0.8583333333333334,11.036364937043858
2022-11-16,64.839,-1.1,7.2,2.716666666666667,7.0,3.6182288129008504
2022-11-17,45.418,-1.1,6.1,2.0124999999999997,5.741666666666667,7.222071851954962
2022-11-18,42.856,-5.0,5.6,-0.3916666666666668,4.333333333333333,6.0974830492962155
2022-11-19,67.67,-5.0,5.0,-0.029166666666666636,3.7916666666666665,6.656714292810325
2022-11-20,73.92399999999999,-3.3,2.8,-0.22916666666666666,8.708333333333334,0.7405516633645784
2022-11-21,55.371,-6.7,2.8,-3.0124999999999997,10.579166666666667,-6.9306187130398795
2022-11-22,35.333999999999996,-2.2,6.7,2.75,6.308333333333334,4.7416617001340216
2022-11-23,45.852,-3.9,7.8,0.42916666666666664,1.7583333333333335,9.732245300053615
2022-11-24,63.362,-7.2,2.8,-1.9583333333333333,2.6333333333333333,6.7373578194919475
2022-11-25,66.972,-3.9,10.0,1.1000000000000003,3.4875000000000003,9.894759937785368
2022-11-26,46.299,-0.6,8.3,4.116666666666666,9.370833333333334,4.058482378412129
2022-11-27,38.574,-3.3,10.6,1.8458333333333332,1.55,12.098263685337635
2022-11-28,31.433,3.9,9.4,7.420833333333333,6.925,8.370707677984297
2022-11-29,38.457,-4.4,3.9,0.03333333333333327,2.025,7.666692861751629
2022-11-30,21.492,-2.8,12.2,5.4125000000000005,12.916666666666666,5.686737158549632
2022-12-01,39.64,0.0,12.2,4.045833333333333,20.2375,0.017390970013372458
2022-12-02,27.233,-1.6,4.1,0.39999999999999997,8.9625,-2.438349728268968
2022-12-03,24.17,0.3,12.8,8.070833333333333,17.233333333333334,5.544910564296029
2022-12-04,27.305,0.0,12.8,5.05,8.9375,5.3159406311551
2022-12-05,39.37,-5.6,7.8,-0.14999999999999994,4.808333333333334,8.643229877301454
2022-12-06,31.249,2.2,10.6,7.120833333333334,7.133333333333333,8.858071295138275
2022-12-07,20.078,7.8,11.1,9.429166666666667,7.266666666666667,9.318583435008833
2022-12-08,23.404,3.9,11.7,8.525,6.633333333333333,9.138319947190075
2022-12-09,31.531,-1.7,5.6,1.6916666666666667,7.9750000000000005,0.5820704476298814
2022-12-10,58.344,-5.6,1.1,-2.4,9.933333333333334,-5.451212964572456
2022-12-11,68.971,-9.4,-4.4,-6.800000000000001,3.8666666666666667,-2.1489288765269223
2022-12-12,44.734,-7.8,-1.1,-5.008333333333334,4.95,-2.9889378735678953
2022-12-13,60.567,-11.7,1.7,-5.666666666666667,3.475,2.9905982193313547
2022-12-14,34.969,-7.2,5.6,-1.0625,10.491666666666667,-4.0108716520054015
2022-12-15,37.947,0.6,6.1,3.2458333333333336,6.058333333333334,4.947427475985013
2022-12-16,25.697,0.6,2.2,1.4500000000000002,7.3,1.343344144555206
2022-12-17,25.193,1.0,1.7,1.1208333333333333,8.666666666666666,-1.52823573931129
2022-12-18,26.049,0.0,2.8,1.375,5.683333333333334,1.8264777422506782
2022-12-19,36.957,-3.3,3.3,-0.1791666666666667,9.641666666666667,-2.5411689820571732
2022-12-20,45.357,-2.2,3.3,0.31666666666666665,7.383333333333333,-0.9696874067956478
2022-12-21,28.738,-3.9,1.7,-0.4749999999999999,2.858333333333333,6.4927641920063515
2022-12-22,51.819,-7.2,3.3,-2.5875,1.9833333333333334,6.872360766012995
2022-12-23,33.809,2.2,12.2,7.6875,25.154166666666665,4.893918039932241
2022-12-24,41.852000000000004,-9.4,7.8,-4.804166666666667,19.133333333333333,-10.668569049271584
2022-12-25,96.111,-10.0,-4.4,-7.791666666666667,10.987499999999999,-12.844252318469971
2022-12-26,80.771,-9.4,0.0,-4.595833333333334,5.841666666666666,-0.8265192661968751
2022-12-27,76.259,-5.6,0.6,-2.4250000000000003,6.366666666666667,-1.0435234610823587
2022-12-28,82.31400000000001,-8.9,0.6,-4.170833333333333,1.0833333333333333,9.129441978700696
2022-12-29,57.158,-5.0,5.0,-0.8083333333333335,0.9,10.326088926434457
2022-12-30,29.658,-4.4,8.9,0.41666666666666674,1.1583333333333332,11.79199897263723
2022-12-31,15.137,-0.6,11.1,4.895833333333333,5.266666666666667,8.878095932107273
2023-01-01,29.458,5.0,12.2,8.8375,4.933333333333334,12.930106487320733
2023-01-02,50.786,-2.8,8.9,2.5500000000000003,0.9,12.874180195588316
2023-01-03,40.586,-3.3,3.9,0.4749999999999999,0.9916666666666667,11.155570762724059
2023-01-04,19.284,2.8,7.2,4.2749999999999995,2.1166666666666667,10.856252065174623
2023-01-05,48.144,-1.1,5.6,1.2041666666666666,7.816666666666666,-0.6688154230435762
2023-01-06,35.453,-2.2,-0.6,-1.325,3.0500000000000003,4.30903522333885
2023-01-07,53.108,-4.4,2.2,-1.0708333333333333,1.6666666666666667,8.03868577268281
2023-01-08,63.81,-10.0,-0.6,-4.195833333333334,4.091666666666667,0.008756879188999589
2023-01-09,39.695,-7.2,1.7,-3.0124999999999997,2.6333333333333333,5.21829301622335
2023-01-10,57.394,-6.1,0.0,-2.725,4.891666666666667,2.9618003269012796
2023-01-11,43.063,-11.7,-2.2,-7.245833333333334,1.125,5.007956210246857
2023-01-12,69.223,-8.9,2.8,-3.4916666666666667,1.925,7.056003106774874
2023-01-13,18.388,2.8,12.2,8.475,15.762500000000001,6.632291343419898
2023-01-14,38.068,-0.6,8.3,1.2541666666666667,8.845833333333333,-0.5556824311550745
2023-01-15,86.228,-3.3,0.0,-1.6083333333333334,11.591666666666667,-5.560127973428302
2023-01-16,67.272,-3.3,0.0,-1.6916666666666667,10.424999999999999,-5.3541254497696285
2023-01-17,56.673,-1.1,5.6,0.7374999999999999,4.95,3.546073651967822
2023-01-18,24.252,-1.7,7.2,2.15,1.925,11.419518623252829
2023-01-19,45.683,-2.2,3.9,2.1999999999999997,4.141666666666667,6.877285637488214
2023-01-20,29.669999999999998,-1.1,1.1,-0.4000000000000001,6.966666666666666,-2.2450036291204527
2023-01-21,38.527,-9.4,-1.1,-4.654166666666667,2.7916666666666665,4.465547849685448
2023-01-22,99.093,-14.4,-1.1,-7.870833333333334,1.4916666666666665,5.376721368709949
2023-01-23,53.797,-1.7,-0.6,-1.2375,6.308333333333334,0.5809353227600921
2023-01-24,61.189,-9.4,3.3,-2.0958333333333337,5.616666666666667,1.3704067045736779
2023-01-25,31.218,-7.2,2.8,-2.75,3.7916666666666665,2.0655433251284587
2023-01-26,54.292,-2.8,8.9,3.654166666666667,9.450000000000001,2.882650728897756
2023-01-27,40.389,-5.0,1.7,-1.8041666666666665,4.908333333333333,2.994480802968115
2023-01-28,47.498000000000005,-7.8,6.7,-1.3875000000000002,6.491666666666667,4.325312845182644
2023-01-29,39.568999999999996,-6.7,8.3,-0.1416666666666667,3.5666666666666664,8.151634156481686
2023-01-30,31.591,-0.6,7.8,2.475,5.208333333333333,6.439834074974443
2023-01-31,57.56,-7.2,1.1,-2.5208333333333335,5.1,2.611643544902231
2023-02-01,47.097,-13.9,-5.0,-8.933333333333334,4.916666666666667,-5.546337361255833
2023-02-02,80.386,-16.7,0.6,-8.766666666666667,5.416666666666667,0.3425767463120635
2023-02-03,68.812,-22.8,1.1,-7.825,15.329166666666666,-14.061670487592481
2023-02-04,133.128,-25.6,-14.4,-21.454166666666666,14.141666666666666,-30.351285352821638
2023-02-05,56.588,-15.0,2.2,-6.5375000000000005,6.108333333333333,-2.6803123855109945
2023-02-06,40.365,-5.6,6.7,-0.4333333333333333,3.9583333333333335,6.421687774050447
2023-02-07,53.929,-9.4,0.0,-4.441666666666667,7.633333333333333,-6.5549318011193805
2023-02-08,28.152,-5.0,6.7,0.5041666666666665,3.9416666666666664,6.960832909066881
2023-02-09,42.893,-5.6,4.4,-0.016666666666666535,4.258333333333334,6.501251457337951
2023-02-10,36.533,1.7,11.7,4.879166666666666,6.395833333333333,8.174000244184533
2023-02-11,39.939,-1.7,6.1,1.4625000000000001,6.2749999999999995,5.121037454691227
2023-02-12,38.567,-4.4,7.2,1.0666666666666667,4.616666666666666,5.689635251565591
2023-02-13,38.386,-2.8,15.6,3.533333333333333,5.1000000000000005,7.15288355564359
2023-02-14,29.595,0.6,8.9,3.5541666666666667,1.8666666666666665,12.470415538554855
2023-02-15,26.032,-2.8,8.3,2.3333333333333335,5.6499999999999995,9.189484747729084
2023-02-16,16.805,0.6,13.9,8.708333333333334,6.2,10.905158859782802
2023-02-17,26.43,-1.7,6.7,4.25,4.108333333333333,8.323437499502285
2023-02-18,52.136,-10.0,-0.6,-4.8875,6.516666666666667,-3.607837796072093
2023-02-19,45.616,-7.8,4.4,-1.9875,4.108333333333333,6.6008644002702
2023-02-20,28.574,0.0,10.0,5.625,6.833333333333333,7.8682382906463815
2023-02-21,38.432,-1.7,5.0,1.7249999999999999,4.258333333333334,6.511450325522094
2023-02-22,36.879,-3.3,5.0,1.4166666666666667,3.9583333333333335,8.678980038182647
2023-02-23,81.265,-8.9,0.6,-6.083333333333333,7.675,-7.797378170761122
2023-02-24,49.336,-9.4,-4.4,-7.708333333333333,6.625,-5.904277305227812
2023-02-25,84.278,-17.2,-8.3,-11.887500000000001,5.566666666666666,-8.914152689324327
2023-02-26,79.172,-19.4,-5.6,-11.770833333333334,1.5333333333333332,2.548312770458141
2023-02-27,53.218,-17.8,-2.8,-10.216666666666667,2.75,-0.6721460749536687
2023-02-28,48.569,-8.3,-0.6,-3.8541666666666665,8.645833333333334,-2.985760823020342
2023-03-01,38.208,-11.1,5.0,-2.0083333333333333,2.641666666666667,4.856149807361877
2023-03-02,41.05,0.0,2.2,1.1208333333333333,3.9416666666666664,5.7965003288864345
2023-03-03,32.085,-5.0,6.1,1.1333333333333333,4.1499999999999995,5.018656246896922
2023-03-04,38.208,-2.8,0.6,-0.8624999999999999,7.325,1.4604201805115675
2023-03-05,42.729,-6.1,6.7,0.46249999999999997,4.633333333333334,4.758702444283977
2023-03-06,38.081,0.0,7.2,3.5875,12.529166666666667,0.5821648515813044
2023-03-07,36.825,-2.2,3.9,0.6875,5.916666666666667,2.887602429426948
2023-03-08,19.897,-0.6,7.8,3.283333333333333,8.75,0.9797457765873666
2023-03-09,30.265,-1.1,6.1,3.2624999999999997,5.566666666666666,6.676839577554397
2023-03-10,28.576,-4.4,7.2,1.825,4.95,5.057243992952006
2023-03-11,32.181,-2.8,5.6,0.5291666666666667,3.1750000000000003,6.78244955750698
2023-03-12,24.577,-1.7,8.3,2.634782608695652,5.57391304347826,5.098017937530398
2023-03-13,27.24,-3.9,7.2,0.9166666666666666,4.8,8.576656895610638
2023-03-14,29.082,0.6,3.3,2.0749999999999997,13.070833333333333,-1.423869287036647
2023-03-15,22.528,0.0,3.9,1.5125,15.299999999999999,-2.342633604815171
2023-03-16,28.093,-2.8,10.0,4.166666666666667,8.3375,3.8961394747581033
2023-03-17,23.837,-3.9,6.1,2.3166666666666664,5.416666666666667,7.305026718672203
2023-03-18,21.161,2.8,10.0,5.479166666666667,2.841666666666667,11.537010328984621
2023-03-19,35.007,-3.3,5.6,0.5083333333333333,9.220833333333333,1.7337695870487948
2023-03-20,29.823,-7.8,7.2,-0.3,8.4375,1.3417838068580392
2023-03-21,21.49,-5.0,11.1,2.5791666666666666,4.258333333333334,9.615410983917524
2023-03-22,19.155,-2.2,6.7,3.4333333333333336,5.625,9.079442441380488
2023-03-23,26.48,-0.6,7.2,4.654166666666667,4.8,8.80965666687676
2023-03-24,25.287,1.1,7.8,5.004166666666666,6.483333333333333,6.472728817462301
2023-03-25,55.723,-5.6,4.4,-0.09166666666666667,5.566666666666666,4.2762088945435375
2023-03-26,41.596000000000004,0.6,9.4,4.2749999999999995,9.35,2.578665522634258
2023-03-27,23.74,-1.1,11.7,5.608333333333333,4.208333333333333,11.504270714438329
2023-03-28,22.852,1.7,7.2,4.904166666666667,3.7750000000000004,9.284095280442537
2023-03-29,30.171,-3.9,7.2,2.379166666666667,6.108333333333333,6.679499798644426
2023-03-30,30.314,-1.1,5.0,1.7958333333333334,14.15,-1.9867182469410452
2023-03-31,30.406,-6.1,6.7,-0.3333333333333332,4.783333333333334,6.613086825805791
2023-04-01,18.775,0.6,6.7,3.8000000000000003,6.833333333333333,4.389911632225222
2023-04-02,31.113,0.6,6.1,4.429166666666666,10.825000000000001,2.855698028728524
2023-04-03,27.751,-5.6,6.1,1.0166666666666666,10.591666666666667,4.440101409544386
2023-04-04,25.719,3.3,12.2,7.420833333333333,2.5749999999999997,13.635570771946746
2023-04-05,20.486,1.1,8.3,4.1625000000000005,8.433333333333334,3.678507095964658
2023-04-06,32.046,0.6,8.9,3.7625000000000006,2.875,10.92710638998755
2023-04-07,21.927,2.2,12.2,7.454166666666667,9.5375,9.323833991564317
2023-04-08,23.345,-1.7,7.2,2.891666666666667,8.141666666666667,3.5005691829347385
2023-04-09,42.254,-6.1,12.2,2.8208333333333333,7.05,7.098230779747081
2023-04-10,49.745,-3.9,15.6,5.5249999999999995,6.491666666666667,11.183504079413105
2023-04-11,38.089,1.1,16.7,8.875,5.058333333333333,14.04180928583652
2023-04-12,20.518,11.7,18.9,15.654166666666667,11.85,15.302671288032954
2023-04-13,17.096,7.2,18.9,12.862499999999999,5.658333333333334,17.583246835943683
2023-04-14,14.438,6.1,25.0,13.35,2.9333333333333336,20.093187567350277
2023-04-15,17.173000000000002,4.4,18.3,10.391666666666667,6.179166666666667,15.69942306385022
2023-04-16,27.29,7.8,18.3,10.816666666666668,5.733333333333333,13.366603538016912
2023-04-17,33.278,7.2,10.0,9.154166666666667,10.008333333333333,8.06915689399276
2023-04-18,30.019,6.7,11.7,8.75,8.424999999999999,8.825895114231178
2023-04-19,38.198,2.2,8.9,5.754166666666666,3.625,11.526928203380402
2023-04-20,33.650999999999996,4.4,12.8,7.641666666666667,7.308333333333334,9.863273060303362
2023-04-21,34.771,0.6,10.0,5.8875,6.816666666666666,9.746570151561363
2023-04-22,41.736,-0.6,10.6,5.625,5.808333333333334,11.067214163487234
2023-04-23,42.342,4.4,11.7,7.8999999999999995,10.120833333333334,9.12562222721922
2023-04-24,57.327,6.1,7.8,6.266666666666667,15.7125,3.259125209506699
2023-04-25,56.682,5.6,6.7,6.204166666666667,9.833333333333334,4.17023850294895
2023-04-26,46.867,5.6,8.9,6.933333333333334,2.891666666666667,13.123443787497235
2023-04-27,39.605000000000004,0.6,12.2,5.9624999999999995,4.666666666666667,11.925293372911604
2023-04-28,42.659,-0.6,16.7,8.291666666666666,5.066666666666667,14.674708182896389
2023-04-29,31.243,1.1,13.9,8.241666666666667,6.658333333333334,13.669023608946494
2023-04-30,55.715,6.7,8.9,7.666666666666667,14.083333333333334,5.280886944608908
2023-05-01,46.391,8.9,16.1,11.970833333333333,23.40416666666667,9.612888396624184
2023-05-02,32.026,3.9,13.9,9.195833333333333,9.2125,11.431264262518615
2023-05-03,48.426,6.7,7.8,6.9624999999999995,15.129166666666668,4.25537879827081
2023-05-04,41.543,4.4,11.1,7.183333333333334,7.916666666666667,6.2677436318779485
2023-05-05,29.373,6.7,18.3,11.25,5.666666666666667,12.348804822791665
2023-05-06,21.57,3.3,24.4,14.025,5.6125,19.986350835988834
2023-05-07,22.297,7.2,24.4,17.904166666666665,7.158333333333334,20.06076419531082
2023-05-08,14.169,8.3,20.6,15.025,6.933333333333334,18.264535204479866
2023-05-09,21.673000000000002,1.1,15.6,9.404166666666667,5.658333333333334,13.726047854054853
2023-05-10,31.091,-0.6,22.2,10.775,6.583333333333333,15.51426372595738
2023-05-11,17.861,5.6,26.1,15.283333333333333,4.2,20.45347274208164
2023-05-12,17.179,7.8,25.6,16.504166666666666,3.466666666666667,22.14682828592124
2023-05-13,7.333,10.0,21.7,16.508333333333333,7.045833333333333,20.32172844226933
2023-05-14,17.752,5.0,18.3,12.041666666666666,8.741666666666667,13.24387488701983
2023-05-15,23.667,3.3,20.6,13.35,7.466666666666666,16.889483214470808
2023-05-16,12.552,11.7,18.9,15.095833333333333,6.458333333333333,16.628935954534324
2023-05-17,9.644,7.2,12.2,9.279166666666667,9.958333333333334,8.356556767240047
2023-05-18,23.77,-1.1,15.6,7.420833333333333,8.525,10.268531120214282
2023-05-19,10.364,6.7,15.6,11.266666666666666,12.879166666666668,12.228328129140955
2023-05-20,9.638,10.6,16.1,13.058333333333332,10.049999999999999,12.998518479884217
2023-05-21,17.152,13.3,23.3,17.045833333333334,10.2375,17.617388035056695
2023-05-22,10.095,10.0,18.3,13.5875,6.833333333333333,15.460441525663436
2023-05-23,18.003,2.2,16.1,9.495833333333334,5.958333333333333,15.173314707107686
2023-05-24,16.661,4.4,15.6,10.179166666666667,6.783333333333334,14.077053643131691
2023-05-25,15.848999999999998,7.2,17.2,12.054166666666667,6.491666666666667,13.667292009551977
2023-05-26,24.464,2.2,18.9,10.220833333333333,4.616666666666666,14.741374656352335
2023-05-27,20.698,5.0,26.1,15.329166666666667,4.683333333333334,20.213080513738678
2023-05-28,10.239,8.9,28.9,19.483333333333334,6.7250000000000005,24.037172421582486
2023-05-29,8.668,11.7,21.7,17.291666666666668,6.875,19.042350843866245
2023-05-30,11.187,3.3,20.0,11.733333333333334,8.141666666666667,16.125648585453483
2023-05-31,11.561,10.6,23.3,16.091666666666665,9.766666666666667,16.498452393098237
2023-06-01,13.764,9.4,30.6,19.920833333333334,4.833333333333333,24.332176016802194
2023-06-02,18.371,14.4,30.0,20.1375,4.6499999999999995,24.31886952795608
2023-06-03,20.549,7.2,13.9,9.4625,7.558333333333334,10.16559861741697
2023-06-04,48.468,5.6,10.0,7.6375,6.233333333333333,8.379335576695903
2023-06-05,33.89,9.4,13.9,10.954166666666666,5.016666666666667,13.011237120622349
2023-06-06,14.705,10.6,17.2,14.0875,6.108333333333333,17.014400736121434
2023-06-07,14.198,10.6,16.1,13.354166666666666,6.741666666666667,14.071088629046066
2023-06-08,14.425,8.9,17.2,12.799999999999999,4.891666666666667,17.623902309584086
2023-06-09,20.478,10.6,16.7,12.841666666666667,3.433333333333333,17.722348964570504
2023-06-10,11.654,8.9,18.9,12.5875,1.5333333333333332,19.50434423002939
2023-06-11,26.091,7.2,25.6,16.345833333333335,5.3999999999999995,21.830796392605365
2023-06-12,15.535,10.6,23.9,17.441666666666666,4.833333333333333,21.44659385168201
2023-06-13,7.012,12.8,18.3,15.6875,5.566666666666666,18.97639029686282
2023-06-14,10.827,12.8,22.2,15.308333333333335,5.9750000000000005,17.67601511393362
2023-06-15,9.093,13.3,22.8,16.679166666666667,5.0249999999999995,20.05688969163526
2023-06-16,12.207,11.7,24.4,18.125,5.1375,22.910372294402933
2023-06-17,8.723,14.4,18.9,15.783333333333333,6.291666666666667,16.908003192595846
2023-06-18,12.964,11.7,16.7,13.983333333333334,7.633333333333333,14.476725984175161
2023-06-19,19.922,10.0,20.0,15.004166666666668,3.975,18.89359950927056
2023-06-20,11.051,12.8,17.8,15.404166666666667,4.816666666666667,18.989171849264345
2023-06-21,28.845,9.4,21.1,15.020833333333334,4.5,20.37644243943532
2023-06-22,10.605,7.8,21.7,15.108333333333334,6.391666666666667,20.216513554690973
2023-06-23,9.241,8.9,24.4,16.15,6.391666666666667,21.141652787654426
2023-06-24,7.7940000000000005,17.2,23.9,19.462500000000002,6.466666666666666,21.22671956797789
2023-06-25,18.735,17.8,26.7,21.71666666666667,4.108333333333333,25.33293206932836
2023-06-26,7.654,15.6,21.7,18.216666666666665,7.466666666666666,19.70378763099466
2023-06-27,4.281,15.0,22.2,17.995833333333334,10.320833333333333,18.984398936136795
2023-06-28,3.401,17.2,19.4,18.645833333333332,9.358333333333333,19.074624740134592
2023-06-29,6.51,16.7,24.4,19.3,7.3999999999999995,20.53895614200165
2023-06-30,19.748,16.7,23.9,18.995833333333334,5.866666666666667,20.994742780889727
2023-07-01,9.595,17.2,25.0,19.470833333333335,4.8,23.330611992362602
2023-07-02,4.665,17.2,20.6,18.266666666666666,4.558333333333334,20.870888716858186
2023-07-03,8.487,16.7,23.9,19.479166666666668,1.6083333333333334,24.027011800686825
2023-07-04,24.783,17.8,25.6,21.270833333333332,4.183333333333334,24.714000816019936
2023-07-05,20.767,18.3,31.7,23.6875,3.266666666666667,26.842779183553983
2023-07-06,19.419,17.2,30.0,23.933333333333334,5.041666666666667,27.850759671757984
2023-07-07,22.215,18.9,27.2,22.900000000000002,6.6499999999999995,25.906555668015915
2023-07-08,12.537,18.9,25.0,20.9,5.991666666666667,23.34813196864488
2023-07-09,15.668000000000001,18.3,22.2,20.037499999999998,4.5,22.602414527768264
2023-07-10,18.02,18.3,20.0,18.970833333333335,6.575,21.112666511837162
2023-07-11,9.987,16.7,27.2,19.995833333333334,4.366666666666666,23.325956799894712
2023-07-12,19.44,16.1,31.1,23.058333333333334,4.95,27.699089172187755
2023-07-13,15.562999999999999,17.2,27.8,22.5,4.891666666666667,26.38688309421809
2023-07-14,15.856,19.4,25.6,23.09583333333333,5.858333333333333,25.56197120514784
2023-07-15,11.057,20.0,24.4,21.808333333333334,5.175,24.553868376821086
2023-07-16,17.097,21.1,22.8,22.083333333333332,9.1,23.581939314626567
2023-07-17,30.939999999999998,20.6,28.3,23.495833333333334,8.625,24.9681335851011
2023-07-18,17.14,17.2,25.6,21.279166666666665,5.2250000000000005,24.845394319781022
2023-07-19,15.86,19.4,28.3,23.0125,3.608333333333333,26.041919217940883
2023-07-20,15.238,15.6,28.3,22.075,2.2083333333333335,26.296838620758564
2023-07-21,10.383000000000001,13.3,22.8,18.479166666666668,3.7750000000000004,22.480068479992095
2023-07-22,13.386000000000001,17.2,25.0,20.233333333333334,8.200000000000001,21.750404932307532
2023-07-23,15.719999999999999,15.6,28.3,22.083333333333332,3.4583333333333335,26.267242548007815
2023-07-24,26.456,15.0,29.4,22.2625,4.575,26.78234102053443
2023-07-25,15.632,17.8,27.2,23.133333333333336,6.425,26.214185239273387
2023-07-26,16.025,19.4,28.9,24.15416666666667,5.175,27.861459664632395
2023-07-27,11.185,19.4,26.1,22.545833333333334,6.2,25.35780284890156
2023-07-28,19.407,18.9,30.0,24.395833333333332,5.733333333333333,28.076182400330037
2023-07-29,13.224,18.9,28.3,23.066666666666666,3.3249999999999997,26.607815982053367
2023-07-30,19.271,13.9,24.4,18.3625,5.4750000000000005,20.90531141114275
2023-07-31,26.232,12.2,25.0,18.145833333333332,1.6083333333333334,23.789831745441052
2023-08-01,12.244,11.7,23.3,18.129166666666666,2.525,22.904071433424026
2023-08-02,12.658,10.0,23.9,16.941666666666666,3.283333333333333,22.322645148674265
2023-08-03,10.82,11.1,23.3,17.633333333333333,6.8,22.117598220156605
2023-08-04,13.004,17.2,21.1,19.166666666666668,11.316666666666668,19.536529733124016
2023-08-05,9.49,17.2,26.1,20.224999999999998,4.05,23.492617646024858
2023-08-06,16.576,12.2,27.8,20.316666666666666,3.8083333333333336,24.818687013565935
2023-08-07,12.045,13.9,23.9,18.595833333333335,1.8,23.504378403431414
2023-08-08,6.982,17.8,21.1,19.579166666666666,11.066666666666668,20.601823121250973
2023-08-09,17.621000000000002,18.9,25.0,21.47083333333333,4.741666666666666,24.821840434827212
2023-08-10,13.904,13.9,26.7,20.45,3.5833333333333335,25.204164781504772
2023-08-11,14.940999999999999,18.3,25.6,22.079166666666666,10.083333333333334,23.48822810231672
2023-08-12,12.713,13.3,26.1,19.912499999999998,4.558333333333334,24.17073858229188
2023-08-13,18.133,17.8,25.6,21.762500000000003,5.825,24.693703597759995
2023-08-14,15.004,16.7,26.1,21.6125,4.0,25.370549704913277
2023-08-15,14.551,15.6,23.3,18.9375,1.7166666666666668,24.01701391253624
2023-08-16,13.174,16.1,23.3,19.629166666666666,5.041666666666667,23.408760775522087
2023-08-17,10.506,18.3,21.1,19.645833333333332,5.883333333333333,22.2894167397727
2023-08-18,14.475999999999999,18.3,21.7,19.533333333333335,7.325,20.961045986678013
2023-08-19,9.203,13.9,22.2,19.233333333333334,7.625,21.817391603623832
2023-08-20,8.985,16.1,27.2,21.004166666666666,3.4333333333333336,25.36760660737964
2023-08-21,8.219,16.7,28.9,21.579166666666666,3.266666666666667,26.11383863776905
2023-08-22,24.06,11.7,26.1,20.283333333333335,3.6833333333333336,24.122770957081737
2023-08-23,15.639,8.9,24.4,16.825,2.891666666666666,22.194519937682525
2023-08-24,11.115,11.1,26.1,18.279166666666665,4.108333333333333,23.236864778813352
2023-08-25,13.36,15.0,20.0,17.6375,10.483333333333334,18.27918250284163
2023-08-26,17.913,18.9,26.7,21.587500000000002,5.816666666666666,23.551229911708166
2023-08-27,23.155,17.2,24.4,20.154166666666665,3.25,23.55869778155326
2023-08-28,18.546,12.2,25.0,18.516666666666666,4.7250000000000005,23.33291517823227
2023-08-29,12.998000000000001,17.2,23.3,20.229166666666668,5.225,23.57412375953865
2023-08-30,9.286,18.3,23.3,19.570833333333333,2.7083333333333335,23.859433176318603
2023-08-31,11.549,14.4,21.7,18.270833333333332,5.658333333333334,20.744435414810667
2023-09-01,12.049,7.8,24.4,15.295833333333334,4.091666666666667,20.772707909565455
2023-09-02,7.869,9.4,23.3,16.208333333333332,4.891666666666667,21.613017231566616
2023-09-03,10.282,13.9,26.1,20.166666666666668,4.358333333333333,23.840965051213175
2023-09-04,14.522,14.4,27.8,19.645833333333332,4.183333333333334,23.97182577800088
2023-09-05,30.728,16.1,32.2,23.150000000000002,1.8666666666666665,27.441317672888918
2023-09-06,21.323,18.3,30.0,23.724999999999998,2.2416666666666667,27.550118003363504
2023-09-07,17.408,18.9,29.4,23.633333333333336,3.625,27.504775603695126
2023-09-08,13.788,18.9,28.3,23.150000000000002,5.625,26.4886647146689
2023-09-09,17.657,18.9,28.3,23.25,6.2749999999999995,25.822228626349318
2023-09-10,14.477,17.2,22.8,19.970833333333335,2.858333333333333,23.730942247984945
2023-09-11,17.707,18.9,25.0,21.09583333333333,0.9,25.60131862577794
2023-09-12,18.41,18.9,22.2,20.120833333333334,3.3083333333333336,23.490834799042975
2023-09-13,13.684,18.3,22.8,20.266666666666666,4.333333333333333,23.36412637036544
2023-09-14,18.323,17.8,24.4,20.849999999999998,2.558333333333333,24.84655504589737
2023-09-15,23.422,10.6,19.4,15.116666666666667,4.483333333333333,19.450342494992103
2023-09-16,8.259,14.4,19.4,16.6875,12.254166666666668,16.45270463097665
2023-09-17,3.896,12.8,25.6,19.008333333333333,6.458333333333333,22.149554490372168
2023-09-18,4.099,12.8,17.2,14.966666666666667,3.0833333333333335,19.697214525672056
2023-09-19,4.335,13.9,22.2,17.108333333333334,9.075000000000001,17.55777687918269
2023-09-20,4.164,11.1,22.2,17.154166666666665,5.433333333333334,19.772609899513203
2023-09-21,4.09,8.3,22.2,15.0375,1.325,21.819421322140467
2023-09-22,4.046,7.2,19.4,13.116666666666667,3.266666666666667,19.217538534442543
2023-09-23,4.872,6.1,17.2,11.183333333333332,1.4166666666666667,18.80111675695161
2023-09-24,5.804,11.1,18.3,13.958333333333334,1.625,20.591780199870474
2023-09-25,3.771,11.7,20.0,15.174999999999999,4.366666666666666,19.73634873866387
2023-09-26,5.369,7.2,18.9,12.470833333333333,3.775,17.354158148363926
2023-09-27,6.598,5.0,20.6,11.458333333333334,2.5416666666666665,18.55359111389359
2023-09-28,12.318,5.6,18.9,11.2875,0.6750000000000002,19.476789034467735
2023-09-29,27.309,6.1,18.3,11.2875,1.7916666666666667,18.605219006693194
2023-09-30,12.793,10.0,18.3,13.166666666666666,1.4416666666666667,19.752366173915284
2023-10-01,16.652,6.7,23.3,13.629166666666668,1.4749999999999999,20.910387045657686
2023-10-02,13.375,11.1,22.8,16.220833333333335,2.3916666666666666,20.634575670893472
2023-10-03,12.508000000000001,7.2,26.1,15.4375,2.9333333333333336,21.845390550495193
2023-10-04,14.280000000000001,11.7,22.2,16.520833333333332,3.475,20.992888531824686
2023-10-05,9.538,12.2,16.7,14.754166666666668,3.225,19.634316504749922
2023-10-06,7.274,15.0,18.9,16.333333333333332,5.675,18.80499142245949
2023-10-07,10.108,16.1,17.8,17.0125,10.366666666666665,18.484412058012747
2023-10-08,27.971,8.9,17.2,14.1,8.158333333333333,14.999660712732366
2023-10-09,15.634,6.7,15.0,10.154166666666667,4.725,16.177135317433795
2023-10-10,18.691,4.4,15.6,9.7125,3.233333333333333,16.143913938306486
2023-10-11,23.358,6.7,16.1,11.204166666666667,3.733333333333333,16.806105474102605
2023-10-12,18.337,10.0,16.1,12.533333333333333,2.408333333333333,18.416738307282625
2023-10-13,22.996,6.1,15.0,10.225,5.8999999999999995,12.889422529123364
2023-10-14,21.225,6.7,16.1,10.466666666666667,5.3999999999999995,12.160534244677523
2023-10-15,28.021,2.8,14.4,8.545833333333333,3.1916666666666664,14.378506378477352
2023-10-16,26.143,8.9,12.8,10.770833333333334,2.6916666666666664,15.995131961901686
2023-10-17,22.651,9.4,13.9,10.966666666666667,2.3333333333333335,16.990158159642437
2023-10-18,22.863,8.9,15.0,11.4,1.7583333333333335,17.93163610741124
2023-10-19,19.921,9.4,17.2,12.450000000000001,4.441666666666666,17.697846912678187
2023-10-20,18.664,12.8,16.1,13.995833333333335,10.191666666666666,13.739603473471695
2023-10-21,18.607,13.9,16.1,14.325000000000001,4.408333333333333,17.526583991690604
2023-10-22,30.948,7.2,13.9,10.6125,8.266666666666667,10.090474029985545
2023-10-23,39.647999999999996,7.2,12.8,9.766666666666667,3.7833333333333337,12.58497197271683
2023-10-24,51.405,-0.6,11.1,5.866666666666667,2.558333333333333,13.522404499613474
2023-10-25,27.056,5.6,16.1,11.162500000000001,2.4833333333333334,17.805905493038658
2023-10-26,19.585,10.6,22.2,14.520833333333334,0.9916666666666667,21.4329038644356
2023-10-27,16.18,10.6,21.1,15.254166666666668,1.9583333333333333,21.4207261469741
2023-10-28,10.262,10.6,25.0,16.7375,4.316666666666666,21.97105005906977
2023-10-29,35.434,6.1,16.1,9.05,3.0833333333333335,14.405241350025209
2023-10-30,61.499,2.2,6.7,4.916666666666667,3.6999999999999997,9.675347674595702
2023-10-31,63.862,-1.1,6.7,2.6916666666666664,3.1166666666666667,8.822654324282892
2023-11-01,49.346,-1.7,6.7,1.9791666666666667,2.5,9.881154961749907
2023-11-02,58.59,-2.8,6.1,0.5749999999999998,2.875,9.608658600721297
2023-11-03,37.37,-3.3,10.6,3.4250000000000003,7.795833333333333,9.89330917549882
2023-11-04,35.695,7.8,12.2,10.070833333333333,8.55,11.385463677127335
2023-11-05,50.028999999999996,5.6,12.2,7.96,0.304,17.694691241842076
2023-11-06,50.6,-2.8,6.7,2.904166666666667,2.783333333333333,9.746370716277658
2023-11-07,34.462,5.0,13.9,10.424999999999999,10.270833333333334,10.191903418745115
2023-11-08,35.965,1.1,11.1,4.091666666666667,11.304166666666667,1.357726704673029
2023-11-09,76.469,-2.8,1.1,-0.4833333333333334,1.4416666666666667,8.952801903417193
2023-11-10,27.25,0.6,7.8,3.3625000000000003,1.6083333333333334,12.278653311421373
2023-11-11,43.504,0.6,5.0,3.420833333333333,5.675,6.334166462399486
2023-11-12,68.807,-6.1,3.3,-1.7541666666666667,1.3833333333333335,9.097949351231756
2023-11-13,62.065,-7.8,3.9,-3.1,1.741666666666667,7.088010980506877
2023-11-14,53.487,-2.2,5.0,-0.10000000000000009,1.625,9.624735450206382
2023-11-15,37.036,-5.6,6.1,-0.029166666666666712,4.258333333333334,8.057532374880077
2023-11-16,45.65,-2.8,13.9,4.958333333333333,3.3333333333333335,12.088600137946132
2023-11-17,41.249,-2.2,14.4,5.0625,6.720833333333334,11.768135604746236
2023-11-18,21.882,2.2,13.9,9.816666666666666,11.008333333333333,9.718393068074839
2023-11-19,23.162000000000003,-4.4,8.3,1.0291666666666668,3.941666666666667,8.249926407327585
2023-11-20,25.708,-2.8,2.8,-0.09166666666666669,6.091666666666666,1.4554929231583804
2023-11-21,49.323,-8.9,3.3,-2.879166666666667,1.125,8.312553998880675
2023-11-22,27.473,-1.7,7.8,3.904166666666667,10.679166666666667,4.499993231144413
2023-11-23,33.413,2.8,8.9,5.366666666666667,8.233333333333333,4.541327584411801
2023-11-24,67.837,-2.8,7.2,0.1875,2.783333333333333,8.547271768824103
2023-11-25,76.471,-8.3,0.0,-4.2124999999999995,5.658333333333334,-1.3814360743775058
2023-11-26,68.822,-7.2,5.6,-1.6708333333333332,3.1166666666666667,7.467190196674589
2023-11-27,36.41,6.1,11.7,8.479166666666666,14.408333333333333,6.697078693971587
2023-11-28,44.708999999999996,-2.2,5.6,2.3375,6.483333333333333,3.7494660048905963
2023-11-29,43.265,-5.0,-0.6,-2.525,7.45,-3.000380607018546
2023-11-30,46.225,-7.2,5.0,-1.8083333333333333,4.966666666666667,5.79699539201557
2023-12-01,33.42,0.0,11.1,6.2250000000000005,8.85,7.09831245731052
2023-12-02,46.533,5.0,7.2,6.095833333333332,1.5750000000000002,13.551843922087208
2023-12-03,46.51,1.7,5.6,2.716666666666667,2.9000000000000004,8.54807684705174
2023-12-04,34.002,0.0,2.2,0.7166666666666667,4.183333333333334,4.249649949473116
2023-12-05,79.131,-4.4,0.6,-1.7833333333333332,5.275,-0.3031722770916099
2023-12-06,41.821,-10.0,-3.3,-6.6875,2.5749999999999997,2.8624349356018155
2023-12-07,85.439,-12.2,-3.9,-8.641666666666667,1.175,4.7251352285673125
2023-12-08,55.185,-12.8,1.1,-7.6000000000000005,0.0,8.3966
2023-12-09,80.329,-8.3,3.9,-2.495833333333333,0.0,11.568839583333334
2023-12-10,73.057,0.0,12.2,5.0125,4.333333333333333,10.667299335048583
2023-12-11,45.655,2.8,12.8,7.183333333333334,9.216666666666667,7.969496822401767
2023-12-12,54.208,-3.9,3.3,-0.07500000000000001,3.4916666666666667,6.09997584351562
2023-12-13,32.757,-3.3,4.4,1.3458333333333334,6.758333333333333,3.530472098960786
2023-12-14,71.713,-6.7,0.0,-3.4166666666666665,7.741666666666667,-3.9529582071841407
2023-12-15,64.381,-5.6,8.3,0.30000000000000004,3.4,6.3274803403358435
2023-12-16,44.691,-3.3,8.3,2.2958333333333334,2.841666666666667,10.121604010791852
2023-12-17,68.097,-5.6,8.3,0.6958333333333333,3.475,9.016733660362837
2023-12-18,28.677,8.9,13.3,11.8125,33.78333333333333,8.960193553820494
2023-12-19,22.005,3.6,12.1,6.7625,18.995833333333334,3.6128121385357463
2023-12-20,24.266000000000002,-2.2,4.4,0.21666666666666665,8.316666666666666,1.7124853815362115
2023-12-21,65.139,-4.4,1.1,-1.6208333333333333,13.5875,-5.787296655821721
2023-12-22,48.219,-10.0,0.0,-5.1125,7.8875,-4.163826920715652
2023-12-23,61.997,-9.4,3.3,-4.720833333333333,1.9583333333333333,7.099546103352378
2023-12-24,63.505,-2.8,6.1,1.7749999999999997,2.8000000000000003,9.76936474697512
2023-12-25,54.255,1.1,9.4,4.108333333333333,1.0833333333333333,13.92346494352755
2023-12-26,56.24,0.6,5.0,2.904166666666667,1.125,12.289886356346557
2023-12-27,42.952,2.8,6.7,4.0874999999999995,0.225,15.161067106536146
2023-12-28,41.511,3.3,5.6,4.316666666666666,4.241666666666666,8.090643290676196
2023-12-29,54.998,1.1,4.4,2.6458333333333335,3.6916666666666664,7.73620395721028
2023-12-30,36.96,0.6,2.8,2.0875,2.5749999999999997,8.506166803682783
2023-12-31,66.094,-1.1,1.1,0.11666666666666668,3.725,4.288603859908173
2024-01-01,71.547,-5.6,-2.8,-3.795833333333333,4.516666666666667,-0.17958363980031056
2024-01-02,64.286,-9.4,0.6,-4.991666666666667,2.033333333333333,5.94592339143484
2024-01-03,75.379,-7.2,2.8,-3.220833333333333,0.31666666666666665,10.526884072974985
2024-01-04,58.467,-4.4,4.4,0.004166666666666652,3.5416666666666665,7.2886702726723085
2024-01-05,47.274,-8.9,-2.8,-6.508333333333333,6.625,-5.661337092549473
2024-01-06,50.556,-7.2,-2.8,-4.429166666666666,5.341666666666666,-1.81804117727539
2024-01-07,68.598,-7.8,-5.0,-6.691666666666666,10.166666666666666,-11.225077220251649
2024-01-08,49.971,-12.2,0.0,-6.195833333333333,5.358333333333333,-2.6614378996156915
2024-01-09,90.717,-15.6,-1.7,-8.637500000000001,0.6750000000000002,5.779981481839921
2024-01-10,32.31,1.7,10.6,6.25,18.75,3.083334326686091
2024-01-11,48.736,-1.7,5.6,3.1041666666666665,4.95,8.194508930548174
2024-01-12,43.974000000000004,-3.9,4.4,-0.31666666666666654,1.625,9.479769807508843
2024-01-13,53.433,-3.3,10.0,3.154166666666667,17.066666666666666,2.8085394052974575
2024-01-14,38.45,0.0,5.0,2.254166666666667,13.458333333333334,-1.1752675143612599
2024-01-15,43.466,-5.6,-0.6,-2.920833333333333,9.245833333333334,-5.084834553828472
2024-01-16,77.154,-8.3,-3.3,-5.204166666666667,2.341666666666667,2.7828367093345805
2024-01-17,47.444,-8.3,-2.8,-5.3500000000000005,9.241666666666667,-7.933076068721237
2024-01-18,74.244,-10.6,-2.2,-6.954166666666667,8.4,-8.057483608625613
2024-01-19,62.81,-15.6,-4.4,-10.1625,2.1083333333333334,1.4110422676686625
2024-01-20,70.204,-13.3,-7.2,-10.025,6.2250000000000005,-11.40786144768616
2024-01-21,64.911,-10.0,-5.0,-8.066666666666666,6.666666666666667,-6.360011161040306
2024-01-22,53.081,-15.6,1.7,-7.179166666666667,3.216666666666667,0.7475116850086119
2024-01-23,58.608,-3.3,2.8,1.0041666666666667,5.733333333333333,3.6861377692148154
2024-01-24,74.919,-6.1,-1.1,-3.9791666666666665,4.008333333333334,-1.4814912199869978
2024-01-25,30.914,-3.9,5.6,0.8291666666666666,1.8,9.115013156728674
2024-01-26,18.198,0.0,1.7,0.625,2.7083333333333335,7.863673545243654
2024-01-27,22.95,0.0,2.2,0.5875,1.8499999999999999,9.158280500661052
2024-01-28,31.433,0.0,2.8,0.8624999999999999,0.6750000000000002,11.902774192408964
2024-01-29,38.697,-1.7,1.1,-0.10833333333333335,6.1375,0.6875158557081337
2024-01-30,44.746,-12.8,-1.1,-6.458333333333333,7.691666666666666,-8.535795419463689
2024-01-31,81.342,-15.6,-1.7,-8.458333333333334,2.0500000000000003,3.60145905808498
2024-02-01,79.441,-9.4,2.2,-3.6625,1.7916666666666667,7.731354220522611
2024-02-02,33.854,0.0,5.0,1.4083333333333334,3.1166666666666667,8.719992070075705
2024-02-03,70.063,-4.4,0.0,-2.0833333333333335,9.691666666666666,-5.551999843237682
2024-02-04,52.951,-7.2,2.2,-3.3041666666666667,10.65,-5.657377811780273
2024-02-05,50.305,-6.1,1.7,-2.433333333333333,10.1875,-6.096291545986652
2024-02-06,61.21,-3.9,2.8,-1.2791666666666666,6.758333333333333,-1.2427555718654066
2024-02-07,39.598,-7.2,5.0,-2.370833333333333,2.2416666666666667,7.3654037271767505
2024-02-08,61.562,-5.6,6.7,-0.725,2.2083333333333335,7.7220270967491125
2024-02-09,38.989,-6.7,4.4,-1.1791666666666667,4.241666666666666,7.0117069830245
2024-02-10,48.159,-2.2,10.6,2.8249999999999997,4.483333333333333,7.686869553341984
2024-02-11,60.818,-0.6,10.0,4.045833333333333,2.65,11.395002911489671
2024-02-12,65.91799999999999,-5.0,6.7,0.8208333333333333,2.35,9.864779889443183
2024-02-13,71.61,0.0,1.1,0.44166666666666665,4.904166666666667,4.371674124483167
2024-02-14,76.172,-6.1,-1.7,-4.620833333333334,10.279166666666667,-3.347914913234096
2024-02-15,61.74,-6.7,2.2,-3.4291666666666667,9.683333333333334,-5.460851286517271
2024-02-16,46.565,-3.9,-1.1,-2.670833333333333,4.2749999999999995,4.087416905846923
2024-02-17,86.303,-10.0,0.0,-5.4624999999999995,3.8833333333333333,3.2929606515708536
2024-02-18,77.521,-15.0,-1.1,-6.854166666666667,7.820833333333333,-3.275888669535924
2024-02-19,47.233,-4.4,-1.1,-2.4291666666666667,10.4125,-6.214229252097628
2024-02-20,74.785,-13.3,0.0,-6.604166666666667,5.683333333333334,-2.6401732183624076
2024-02-21,52.053,-11.7,1.7,-4.670833333333333,4.6499999999999995,1.2171996268678684
2024-02-22,62.278,-2.2,0.6,-0.2416666666666667,7.783333333333332,0.608364120015724
2024-02-23,28.758,0.0,3.3,1.9041666666666668,5.7749999999999995,3.8756518036972385
2024-02-24,23.821,-6.7,2.2,-0.2333333333333333,7.441666666666666,1.6321379687880164
2024-02-25,49.732,-13.9,-1.7,-7.7250000000000005,6.666666666666667,-4.65741485822714
2024-02-26,43.686,-7.2,6.1,0.1541666666666666,7.391666666666667,1.9323888584440942
2024-02-27,56.984,-5.6,6.7,-0.18749999999999992,4.125,7.415105712717345
2024-02-28,35.952999999999996,4.4,10.0,8.008333333333335,17.304166666666667,5.437658960604227
2024-02-29,53.067,-6.1,9.4,-0.1791666666666665,16.454166666666666,-4.6858381715943125
2024-03-01,37.434,-11.1,2.2,-5.866666666666667,9.299999999999999,-8.525853437384871
2024-03-02,17.089,-4.4,6.1,1.1333333333333333,6.291666666666667,4.902992101955136
2024-03-03,25.997,4.4,12.2,8.595833333333333,7.583333333333333,10.782670666397793
2024-03-04,20.096999999999998,3.3,11.1,6.645833333333333,6.0,10.752816497374658
2024-03-05,33.196,1.7,5.0,3.6333333333333333,3.5500000000000003,8.311654396614083
2024-03-06,31.487,3.3,10.6,5.8999999999999995,1.3833333333333335,14.272673236148108
2024-03-07,49.892,3.3,6.7,4.5625,9.104166666666666,2.9468972501810664
2024-03-08,28.28,0.0,8.9,3.4958333333333336,8.095833333333333,3.130981805250998
2024-03-09,66.484,-4.4,2.8,-0.85,4.425,6.813686034117726
2024-03-10,42.752,1.7,8.9,5.147826086956522,15.76086956521739,2.8877788798711914
2024-03-11,37.853,0.0,4.4,2.6333333333333333,15.454166666666666,-0.9839678944413704
2024-03-12,32.959,0.6,7.8,3.391666666666667,16.583333333333332,-0.43508011134350294
2024-03-13,29.215,0.0,11.1,4.333333333333333,6.283333333333334,5.773767329644433
2024-03-14,29.566,1.1,8.3,5.108333333333333,6.408333333333334,7.773603672912163
2024-03-15,17.322,2.2,4.4,3.5083333333333333,3.8791666666666664,7.980969073628938
2024-03-16,33.52,-1.7,8.9,4.191666666666666,4.933333333333334,10.590598286324608
2024-03-17,58.752,3.3,10.0,6.054166666666666,9.954166666666667,6.06920783895039
2024-03-18,49.011,-1.1,8.3,3.341666666666667,7.2250000000000005,8.201817321132573
2024-03-19,46.384,0.0,5.6,2.9291666666666667,7.6499999999999995,3.753965286818799
2024-03-20,28.756,-3.3,6.7,1.7583333333333335,6.570833333333333,7.320119965478138
2024-03-21,65.004,-3.9,5.0,-0.14166666666666664,14.504166666666668,-4.418424717769888
2024-03-22,75.844,-6.7,2.2,-2.75,14.5875,-6.274012504832078
2024-03-23,78.34,-4.4,0.0,-2.254166666666667,5.325,0.383766492543631
2024-03-24,38.676,-4.9,3.1,-1.2333333333333332,20.516666666666666,-6.761239405780452
2024-03-25,33.579,-6.1,4.8,-1.4375,12.966666666666667,-4.582582051797003
2024-03-26,61.908,-1.1,3.3,0.8333333333333334,6.3999999999999995,0.41450123887606605
2024-03-27,23.418,1.7,10.6,4.354166666666667,2.4333333333333336,10.18260663282633
2024-03-28,25.299,5.0,8.9,6.991666666666667,2.9916666666666667,12.719358468043906
2024-03-29,18.913,3.3,7.2,5.079166666666667,8.983333333333333,4.362402482439714
2024-03-30,23.147,2.2,8.3,5.5625,16.708333333333332,2.859237726362569
2024-03-31,30.808,-1.1,10.6,4.658333333333333,6.5,8.418823727386938
2024-04-01,62.456,-3.3,11.1,3.6875,5.866666666666666,9.604690683286739
2024-04-02,43.353,-0.6,9.4,4.516666666666667,6.512499999999999,9.779644935449246
2024-04-03,56.936,-2.2,5.6,2.3125,10.270833333333334,4.937445679349033
2024-04-04,29.099,0.0,3.9,1.1500000000000001,33.483333333333334,-5.084114329871519
2024-04-05,30.438000000000002,1.8,3.9,2.6916666666666664,22.3125,-2.1012017736289788
2024-04-06,37.164,1.0,4.3,2.35,20.258333333333333,-2.241453933460133
2024-04-07,43.065,0.6,8.4,3.5500000000000003,21.054166666666667,-0.8877586734002443
2024-04-08,45.742,-0.4,17.4,7.133333333333333,13.0,4.781925711049966
2024-04-09,37.725,-1.1,13.3,7.2124999999999995,8.625,9.888644400993005
2024-04-10,48.057,-1.7,7.2,2.9749999999999996,3.358333333333333,9.774242933989923
2024-04-11,29.449,5.0,7.2,5.891666666666667,7.316666666666666,6.2700636022686735
2024-04-12,14.718,6.1,12.8,9.720833333333333,18.091666666666665,7.499044183187912
2024-04-13,18.507,6.1,12.2,9.158333333333333,11.791666666666666,7.466884571635673
2024-04-14,31.152,4.4,14.4,9.020833333333334,10.291666666666666,7.54424893800473
2024-04-15,21.724,1.7,16.7,9.791666666666666,4.783333333333333,14.698069752612156
2024-04-16,29.001,0.0,17.2,8.866666666666667,6.016666666666667,14.491128793709345
2024-04-17,35.693,0.0,12.2,6.954166666666667,6.95,9.877600098313783
2024-04-18,37.44,-0.6,11.7,5.875,6.016666666666667,11.33626454554115
2024-04-19,28.702,3.9,11.1,7.741666666666667,6.616666666666667,11.474325973905708
2024-04-20,24.226,7.2,11.1,8.55,8.658333333333333,8.305747861241622
2024-04-21,35.275,-0.6,11.1,6.658333333333334,6.966666666666666,9.709509849672374
2024-04-22,48.452,-1.7,11.1,4.420833333333333,5.925,9.28138945861035
2024-04-23,42.132,-3.3,11.7,4.245833333333334,8.5,10.327187716365488
2024-04-24,47.943,5.0,11.1,7.258333333333333,9.658333333333333,5.481172100515306
2024-04-25,55.115,-2.8,10.6,3.3125,8.233333333333333,3.062721068194325
2024-04-26,44.221,-4.4,13.3,4.604166666666667,4.091666666666667,11.886934207015868
2024-04-27,36.56,-2.8,15.0,6.458333333333333,6.158333333333334,12.839216316968502
2024-04-28,34.528,3.9,11.7,8.020833333333334,4.741666666666666,12.351294577739088
2024-04-29,25.043,8.3,20.0,12.941666666666668,8.275,15.730487373904596
2024-04-30,28.251,4.4,11.1,8.304166666666667,2.9333333333333336,13.852467001740512
2024-05-01,35.246,5.6,10.0,7.6125,2.183333333333333,14.788895208589372
2024-05-02,43.013999999999996,3.3,8.9,6.720833333333334,3.608333333333333,11.739938499965774
2024-05-03,24.396,6.1,16.7,10.5625,4.925,14.590249305329223
2024-05-04,16.077,3.9,14.4,8.987499999999999,5.308333333333334,13.102658770320177
2024-05-05,28.998,7.2,11.7,9.020833333333334,8.075000000000001,12.096260281508082
2024-05-06,26.215,7.2,16.7,10.654166666666667,6.625,12.487326714486278
2024-05-07,14.212,5.0,21.7,13.016666666666666,6.316666666666666,17.786196507575024
2024-05-08,21.4,5.6,13.9,9.120833333333334,7.158333333333334,12.99781023688404
2024-05-09,30.227,7.8,12.2,9.512500000000001,5.7625,12.617915783608318
2024-05-10,28.674,2.2,12.2,7.408333333333334,4.966666666666666,13.389711164002732
2024-05-11,30.435,0.0,12.2,6.8999999999999995,2.725,14.51238146711706
2024-05-12,24.213,1.1,14.4,7.8500000000000005,4.966666666666667,14.003564261436416
2024-05-13,29.579,2.2,16.7,10.3,7.404166666666668,15.718897100059152
2024-05-14,12.67,6.7,16.1,11.579166666666666,7.625,14.88823095855316
2024-05-15,12.011,7.8,20.0,14.216666666666667,5.925,17.532016224901277
2024-05-16,8.544,11.1,21.1,15.683333333333335,3.8083333333333336,20.463774131983218
2024-05-17,15.946,7.2,22.2,13.816666666666668,5.2625,19.170633848429176
2024-05-18,8.254999999999999,11.1,16.1,14.091666666666667,2.558333333333333,19.61024792710118
2024-05-19,20.891,12.2,15.0,13.358333333333334,3.2083333333333335,17.956660687339905
2024-05-20,20.645,11.1,17.8,13.766666666666666,7.766666666666667,17.195416282600373
2024-05-21,8.074,11.1,18.3,14.1875,9.408333333333333,13.83477946161097
2024-05-22,12.637,11.1,27.8,18.254166666666666,4.558333333333334,23.248806697281236
2024-05-23,15.164,13.9,27.8,20.025000000000002,3.641666666666667,24.578393658559012
2024-05-24,10.052,10.6,26.7,19.454166666666666,5.183333333333334,23.963129643863525
2024-05-25,8.572,7.2,21.7,15.924999999999999,5.191666666666666,20.288490619107105
2024-05-26,8.728,11.7,22.8,17.25,4.983333333333333,21.417138310329253
2024-05-27,12.734,11.1,17.8,12.404166666666667,9.608333333333333,11.600209728111238
2024-05-28,10.035,13.9,23.3,17.283333333333335,13.354166666666666,17.079224556288825
2024-05-29,21.375,11.1,21.7,17.120833333333334,4.425,21.340530449403413
2024-05-30,15.269,7.2,17.8,13.658333333333333,4.483333333333333,17.465811473874837
2024-05-31,8.918,7.2,22.8,15.583333333333334,4.120833333333334,20.850276654080794
2024-06-01,8.779,6.1,24.4,15.295833333333334,7.1499999999999995,19.95345373054095
2024-06-02,15.868,5.0,25.6,14.929166666666667,4.608333333333333,20.057312967888322
2024-06-03,16.915,12.8,22.2,17.258333333333333,7.133333333333333,20.498773352031858
2024-06-04,8.533,8.9,21.7,15.4,5.733333333333333,19.909348970957787
2024-06-05,21.195,11.7,27.2,19.0125,4.2,23.63633803802972
2024-06-06,8.188,15.0,21.7,17.4375,4.833333333333333,20.888968314350898
2024-06-07,6.905,14.4,18.9,15.654166666666667,6.7749999999999995,16.97009315105653
2024-06-08,6.318,12.2,20.6,16.087500000000002,5.416666666666667,18.774003992741648
2024-06-09,5.662,13.3,17.2,15.108333333333334,4.166666666666667,19.254534619262092
2024-06-10,18.985,9.4,21.7,15.4,4.875,19.354654195285416
2024-06-11,7.402,9.4,20.6,15.708333333333334,3.716666666666667,20.760972758815793
2024-06-12,9.438,10.0,21.1,15.883333333333333,4.558333333333334,20.299776357717978
2024-06-13,8.797,11.7,23.9,18.541666666666668,5.7,22.62717583253881
2024-06-14,9.918000000000001,13.9,23.3,18.8125,8.120833333333334,22.074536008211236
2024-06-15,7.928,16.1,22.2,19.183333333333334,6.7,21.494251057508375
2024-06-16,24.054,8.9,21.7,15.354166666666666,4.133333333333334,20.37042313419031
2024-06-17,13.17,10.0,19.4,15.575000000000001,7.341666666666666,18.203643519208498
2024-06-18,13.925,15.0,28.3,21.474999999999998,4.141666666666667,25.87411721183136
2024-06-19,11.775,17.2,31.7,24.120833333333334,5.5249999999999995,28.208284641315213
2024-06-20,11.586,19.4,34.4,25.829166666666666,5.325,29.467389216113194
2024-06-21,14.870000000000001,19.4,25.6,22.333333333333332,4.083333333333333,25.011850229650022
2024-06-22,10.975,15.6,20.0,17.087500000000002,3.408333333333333,20.795987839608415
2024-06-23,18.555,14.4,18.9,15.929166666666667,4.391666666666667,18.473150162463345
2024-06-24,21.735,18.9,26.7,22.40833333333333,10.695833333333333,23.72028420032217
2024-06-25,13.359,15.0,30.6,21.645833333333332,5.679166666666667,24.62899587951004
2024-06-26,11.741999999999999,18.3,28.9,23.212500000000002,7.266666666666667,26.13052883306253
2024-06-27,15.953,17.8,25.6,21.2375,3.4583333333333335,24.866070784870782
2024-06-28,9.062,10.0,23.3,17.283333333333335,9.683333333333334,17.668465468237525
2024-06-29,4.626,13.3,19.4,16.095833333333335,8.987499999999999,18.7209326885286
2024-06-30,11.922,15.6,26.1,20.6875,12.666666666666666,21.47570866680715
2024-07-01,24.993,17.2,26.1,21.900000000000002,4.433333333333334,25.176375321443633
2024-07-02,12.691,12.2,28.3,21.175,3.079166666666667,25.03150256131444
2024-07-03,14.734,12.2,28.3,20.7375,5.133333333333334,25.35780741089819
2024-07-04,8.403,14.4,24.4,19.483333333333334,6.908333333333332,22.666870374205924
2024-07-05,7.614,16.7,24.4,19.654166666666665,5.416666666666667,23.170523633888426
2024-07-06,8.558,18.9,25.0,20.92083333333333,5.841666666666666,23.329447592495622
2024-07-07,22.51,20.0,29.4,24.258333333333336,6.458333333333333,26.957090351081664
2024-07-08,26.125,17.8,30.0,23.3625,4.741666666666666,27.164380005173058
2024-07-09,15.304,17.2,29.4,23.2375,4.591666666666667,27.43234656933095
2024-07-10,16.768,21.7,30.0,24.804166666666664,4.258333333333334,28.19277963673404
2024-07-11,12.513,22.2,28.9,24.400000000000002,12.966666666666667,25.771003727501355
2024-07-12,22.951999999999998,18.3,30.6,24.458333333333332,6.966666666666666,28.228252393166155
2024-07-13,16.071,21.1,28.3,24.537499999999998,5.8999999999999995,27.5705810842436
2024-07-14,22.789,17.8,31.7,24.433333333333334,4.166666666666667,28.400308446914252
2024-07-15,26.502,17.8,30.6,24.679166666666664,5.316666666666666,28.263009939732644
2024-07-16,18.927,22.8,32.2,26.320833333333336,7.641666666666667,28.58506377786108
2024-07-17,20.922,21.7,30.6,25.866666666666664,9.316666666666666,27.862074488393855
2024-07-18,13.31,21.7,30.0,25.27916666666667,2.558333333333333,28.732684363852986
2024-07-19,16.292,16.1,28.3,22.604166666666668,5.7749999999999995,25.217974054084603
2024-07-20,13.503,13.9,28.3,21.616666666666664,6.183333333333334,25.998265564525884
2024-07-21,20.456,16.1,27.8,21.395833333333332,3.841666666666667,25.65424879850939
2024-07-22,10.503,11.7,26.7,19.724999999999998,4.6499999999999995,24.300417848632577
2024-07-23,7.941,18.9,25.0,20.854166666666668,2.783333333333333,24.614377953023308
2024-07-24,13.147,19.4,22.2,20.658333333333335,4.425,24.042000251929196
2024-07-25,6.8740000000000006,17.8,23.9,20.116666666666667,6.6499999999999995,22.034141963743348
2024-07-26,14.533999999999999,16.1,28.3,22.608333333333334,4.6000000000000005,25.373357682216366
2024-07-27,10.993,13.9,28.9,21.766666666666666,2.091666666666667,26.239692184729837
2024-07-28,16.262,13.9,27.8,20.829166666666666,4.183333333333334,25.5480627998214
2024-07-29,23.483,18.3,21.1,19.629166666666666,7.8500000000000005,21.74349478707879
2024-07-30,13.205,18.9,25.6,21.483333333333334,7.75,23.152427262792653
2024-07-31,14.564,21.1,25.6,22.795833333333334,10.591666666666667,24.193442109740584
2024-08-01,14.031,20.6,31.7,24.891666666666666,6.033333333333334,27.534809752239543
2024-08-02,24.500999999999998,19.4,31.1,25.295833333333334,4.2,29.095049866649575
2024-08-03,20.312,21.7,28.3,23.78333333333333,3.733333333333333,26.884347545715993
2024-08-04,22.886,21.7,26.1,23.383333333333336,3.3833333333333333,26.529481333455752
2024-08-05,22.221,21.1,29.4,24.458333333333332,3.5666666666666664,27.394532360264197
2024-08-06,8.742,17.2,22.2,19.425,3.433333333333333,23.350914004278042
2024-08-07,14.129,15.6,23.9,19.345833333333335,4.966666666666667,23.428085581337026
2024-08-08,9.916,13.3,24.4,18.920833333333334,4.066666666666666,23.59855654892463
2024-08-09,5.469,17.2,22.8,19.370833333333334,6.7250000000000005,21.281057271762023
2024-08-10,10.677,21.7,30.0,25.1375,11.5375,26.804836503628163
2024-08-11,14.208,15.0,26.7,21.004166666666666,5.675,25.09977435430771
2024-08-12,21.992,16.1,24.4,20.258333333333333,2.6166666666666667,24.630279676354856
2024-08-13,11.554,14.4,27.2,20.791666666666668,3.533333333333333,24.776059657752587
2024-08-14,20.907,14.4,27.2,20.3875,3.341666666666667,24.75041116453464
2024-08-15,11.062,17.2,21.7,19.037499999999998,3.6999999999999997,22.840656604029817
2024-08-16,14.93,16.7,23.9,19.079166666666666,3.6999999999999997,22.904855709393686
2024-08-17,12.764,16.1,23.3,19.25,4.8,23.25720258181313
2024-08-18,21.489,16.1,21.1,18.729166666666668,3.75,22.350499714972685
2024-08-19,20.156,19.4,22.8,20.404166666666665,4.616666666666666,22.8138757271295
2024-08-20,10.318999999999999,17.8,21.7,19.645833333333332,1.9833333333333334,23.836544420667206
2024-08-21,8.414,14.4,22.2,18.308333333333334,3.7916666666666665,22.82622494783607
2024-08-22,8.903,10.0,21.7,16.866666666666667,4.183333333333334,21.49851040992662
2024-08-23,22.825,13.9,25.0,19.116666666666667,5.233333333333333,21.714195458951632
2024-08-24,15.355,12.2,27.2,19.583333333333332,3.8249999999999997,24.75592276464137
2024-08-25,18.887,13.3,27.2,19.76666666666667,2.7083333333333335,24.88566817951372
2024-08-26,10.715,16.1,25.6,20.579166666666666,2.3916666666666666,25.066468421382723
2024-08-27,9.933,15.0,26.1,19.058333333333334,3.4,23.86071061218053
2024-08-28,17.986,17.8,28.9,22.175,5.218181818181818,24.944853657890064
2024-08-29,13.824,11.7,23.3,17.6125,4.017391304347826,21.496487066959745
2024-08-30,14.551,8.9,22.2,15.4375,3.9583333333333335,21.03462238999572
2024-08-31,9.088,11.7,23.3,17.379166666666666,5.508333333333333,21.767808301930316
2024-09-01,17.421,20.0,27.2,22.608333333333334,10.341666666666667,23.745681185530046
2024-09-02,22.352,17.2,23.3,20.666666666666668,5.356521739130435,23.520320198248697
2024-09-03,11.09,8.3,22.8,15.508333333333333,5.6521739130434785,18.989312138228552
2024-09-04,12.548,9.4,26.7,17.370833333333334,3.3833333333333333,22.671768524898535
2024-09-05,11.225,11.1,25.0,17.75,5.791666666666667,22.27259886921226
2024-09-06,12.15,10.6,21.7,15.795833333333334,3.75,21.220946651828054
2024-09-07,7.69,12.8,21.7,17.104166666666668,4.0,20.688462377981477
2024-09-08,9.014,12.2,20.6,17.670833333333334,6.8500000000000005,20.298295279523476
2024-09-09,19.666,8.3,23.3,15.616666666666667,6.216666666666666,18.60692411086797
2024-09-10,10.063,9.4,21.1,14.591666666666667,3.25,20.091176844582936
2024-09-11,19.185,6.1,23.9,14.295833333333334,4.558333333333334,20.406518099537298
2024-09-12,6.622,8.3,23.9,16.366666666666667,2.9499999999999997,22.36490100633947
2024-09-13,10.971,11.7,28.3,18.5625,2.191666666666667,24.170926550542493
2024-09-14,10.402000000000001,12.8,25.6,18.583333333333332,3.641666666666667,23.392607686681824
2024-09-15,12.01,8.9,25.6,16.091666666666665,3.9416666666666664,21.803986954570075
2024-09-16,26.242,10.6,26.1,17.529166666666665,3.5083333333333333,23.03484856578199
2024-09-17,12.391,11.7,30.0,19.520833333333332,3.25,24.962061067309786
2024-09-18,22.863,12.2,28.3,19.079166666666666,3.5500000000000003,23.85045498503732
2024-09-19,13.429,15.0,25.6,19.570833333333333,3.025,24.04056741599778
2024-09-20,14.259,17.2,20.6,18.683333333333334,5.391666666666667,21.150583345200204
2024-09-21,10.199,13.9,18.9,16.595833333333335,2.0500000000000003,21.974303670398445
2024-09-22,13.584,11.7,20.6,15.645833333333334,5.570833333333333,20.1287664327872
2024-09-23,14.288,7.2,17.8,12.4125,2.15,18.91528099643377
2024-09-24,13.905,6.7,19.4,13.254166666666668,4.408333333333333,18.67130323291476
2024-09-25,24.432000000000002,8.3,17.2,12.641666666666666,3.3083333333333336,17.730242424115936
2024-09-26,13.793,13.9,16.7,15.275,5.175,17.815300582593597
2024-09-27,15.308,13.3,22.2,17.2375,3.1166666666666667,21.641069296018994
2024-09-28,9.968,8.9,21.1,14.104166666666666,3.6166666666666667,19.359220395410066
2024-09-29,17.779,13.3,21.1,16.425,3.8083333333333336,21.08836573209225
2024-09-30,15.055,11.1,24.4,15.966666666666667,2.3916666666666666,21.586304054674017
2024-10-01,10.414,9.4,18.3,13.754166666666668,3.5083333333333333,19.303766321685025
2024-10-02,23.997,7.8,17.8,12.637500000000001,3.6750000000000003,18.508033771001518
2024-10-03,15.136,8.9,20.0,13.9625,4.933333333333334,19.06398374812261
2024-10-04,11.503,10.0,18.9,13.9375,3.75,19.40056216029921
2024-10-05,10.654,15.0,20.0,17.145833333333332,4.241666666666666,20.072260748672726
2024-10-06,22.160999999999998,8.9,15.6,12.804166666666667,2.6166666666666667,17.831692684797975
2024-10-07,32.329,9.4,14.4,12.570833333333333,3.1166666666666667,17.518279022163878
2024-10-08,16.673,7.2,17.2,13.391666666666666,3.891666666666667,16.724636812487983
2024-10-09,26.747,3.3,16.1,8.8625,1.2916666666666667,17.090629794395316
2024-10-10,28.766000000000002,6.1,14.4,10.137500000000001,5.591666666666666,13.505416874284725
2024-10-11,27.428,5.6,17.8,10.983333333333334,5.591666666666666,15.116679820566143
2024-10-12,21.843,8.3,17.2,13.608333333333334,11.429166666666667,14.725324725014557
2024-10-13,37.375,3.3,13.9,8.383333333333333,1.7,16.568399987793537
2024-10-14,50.269999999999996,7.8,10.0,8.879166666666666,5.345833333333334,12.456844818235147
2024-10-15,39.73,1.7,12.8,7.779166666666666,6.066666666666666,11.240205377251351
2024-10-16,51.164,2.8,12.2,7.1125,7.829166666666667,8.925515682413195
2024-10-17,44.776,-1.7,14.4,5.483333333333333,2.6166666666666667,14.087194161091618
2024-10-18,37.303,0.6,17.8,7.6875,2.2583333333333333,15.729970832457482
2024-10-19,33.484,1.1,19.4,8.512500000000001,3.025,16.418407606075874
2024-10-20,39.999,1.1,21.7,9.366666666666667,2.6166666666666667,17.15902670744387
2024-10-21,23.45,5.6,26.1,12.766666666666666,2.6666666666666665,20.256242537279395
2024-10-22,14.664,7.2,20.6,13.1,4.483333333333333,18.270523301848105
2024-10-23,17.323999999999998,8.3,18.3,13.054166666666667,5.5,16.679530449162836
2024-10-24,11.11,12.8,20.6,16.504166666666666,8.700000000000001,17.79882939648817
2024-10-25,27.543,5.0,15.0,9.9625,7.233333333333333,12.547413313959554
2024-10-26,29.785,5.0,17.2,9.670833333333333,6.1625000000000005,14.358139616489831
2024-10-27,44.811,3.0,12.2,7.0249999999999995,9.416666666666666,7.702044207137007
2024-10-28,46.19,-2.0,9.4,4.370833333333334,7.375,4.982700929322037
2024-10-29,61.977,-5.6,10.6,2.316666666666667,4.866666666666666,7.251560338310781
2024-10-30,27.082,9.4,13.0,11.075000000000001,9.116666666666667,10.430248834843598
2024-10-31,11.593,10.6,23.0,15.325000000000001,6.366666666666667,17.57288073545919
2024-11-01,14.961,15.0,25.0,19.066666666666666,9.295833333333333,19.864314137962577
2024-11-02,29.768,3.3,14.4,8.741666666666667,5.283333333333333,11.684373719236005
2024-11-03,24.701,-5.0,9.0,1.124,3.556,7.662199835597232
2024-11-04,53.637,-4.0,9.0,1.6958333333333335,4.291666666666667,6.777141204037382
2024-11-05,27.141,8.3,15.6,11.704166666666666,9.725,11.423583088218443
2024-11-06,20.272,8.9,25.0,17.433333333333334,9.85,18.454645942884415
2024-11-07,11.363,6.1,18.3,13.3375,4.8625,17.58988162011038
2024-11-08,39.754,0.0,16.0,7.008333333333333,6.55,10.85870640560474
2024-11-09,48.194,-0.6,9.0,6.245833333333334,14.208333333333334,4.844924986189828
2024-11-10,55.719,-4.4,11.0,2.6166666666666667,5.0,8.254538056315976
2024-11-11,21.792,10.0,18.9,12.858333333333334,10.575000000000001,13.103628958773688
2024-11-12,43.049,3.9,11.0,6.966666666666666,12.845833333333333,7.743920753637347
2024-11-13,56.707,-1.0,6.1,2.3333333333333335,11.4625,0.4344124054726696
2024-11-14,53.831,-3.0,7.0,0.6166666666666667,6.366666666666667,3.0544071122247125
2024-11-15,40.558,-7.0,14.0,2.9875000000000003,7.541666666666667,5.761217947030512
2024-11-16,44.89,3.0,11.7,8.6,8.029166666666667,8.463932531870027
2024-11-17,44.668,0.0,13.9,6.154166666666666,6.570833333333333,8.595002791247282
2024-11-18,58.486000000000004,0.0,13.0,5.308333333333334,6.566666666666666,6.9607565340805495
2024-11-19,36.85,1.7,13.0,8.4375,12.125,6.684758749346863
2024-11-20,45.432,0.0,11.7,6.345833333333334,5.979166666666667,9.166195046425248
2024-11-21,44.689,6.7,10.0,8.304166666666667,8.808333333333334,6.939104080039101
2024-11-22,31.381,6.7,12.0,8.870833333333334,11.1,7.155480433543012
2024-11-23,43.683,5.0,9.0,6.970833333333334,11.145833333333334,5.756471379175636
2024-11-24,65.567,3.9,8.3,6.3875,12.633333333333333,5.070349370637605
